SalesPerson	country	product	date	amount	BoxesShipped	dd-mm-yy	   time
Jehu Rudeforth	UK	Mint Chip Choco	44565.00	"$5,320 "	180.00	02-06-2025	16:06
Van Tuxwell	India	85% Dark Bars	44774.00	"$7,896 "	94.00	03-06-2025	17:06
Gigi Bohling	India	Peanut Butter Cubes	44749.00	"$4,501 "	91.00	04-06-2025	18:06
Jan Morforth	Australia	Peanut Butter Cubes	44678.00	"$12,726 "	342.00	05-06-2025	19:06
Jehu Rudeforth	UK	Peanut Butter Cubes	44616.00	"$13,685 "	184.00	06-06-2025	20:06
Van Tuxwell	India	Smooth Sliky Salty	44718.00	"$5,376 "	38.00	07-06-2025	21:06
Oby Sorrel	UK	99% Dark & Pure	44586.00	"$13,685 "	176.00	08-06-2025	22:06
Gunar Cockshoot	Australia	After Nines	44644.00	"$3,080 "	73.00	09-06-2025	23:06
Jehu Rudeforth	New Zealand	50% Dark Bites	44671.00	"$3,990 "	59.00	10-06-2025	00:06
Brien Boise	Australia	99% Dark & Pure	44746.00	"$2,835 "	102.00	11-06-2025	01:06
Rafaelita Blaksland	UK	Smooth Sliky Salty	44574.00	"$4,704 "	62.00	12-06-2025	02:06
Barr Faughny	USA	Orange Choco	44630.00	"$3,703 "	11.00	13-06-2025	03:06
Mallorie Waber	Canada	Eclairs	44574.00	"$1,442 "	286.00	14-06-2025	04:06
Karlen McCaffrey	New Zealand	Drinking Coco	44770.00	$168 	156.00	15-06-2025	05:06
Marney O'Breen	New Zealand	Peanut Butter Cubes	44776.00	"$8,379 "	173.00	16-06-2025	06:06
Beverie Moffet	Australia	Organic Choco Syrup	44587.00	"$6,790 "	356.00	17-06-2025	07:06
Van Tuxwell	Canada	Organic Choco Syrup	44606.00	"$4,067 "	42.00	18-06-2025	08:06
Roddy Speechley	USA	Smooth Sliky Salty	44656.00	"$3,017 "	140.00	19-06-2025	09:06
Beverie Moffet	Canada	Milk Bars	44608.00	"$8,799 "	250.00	20-06-2025	10:06
Curtice Advani	UK	85% Dark Bars	44720.00	"$1,085 "	172.00	21-06-2025	11:06
Brien Boise	Australia	Eclairs	44739.00	"$6,888 "	88.00	22-06-2025	12:06
Gunar Cockshoot	USA	Spicy Special Slims	44609.00	"$1,267 "	157.00	23-06-2025	13:06
Marney O'Breen	USA	After Nines	44711.00	"$4,753 "	163.00	24-06-2025	14:06
Husein Augar	UK	Drinking Coco	44634.00	"$3,003 "	113.00	25-06-2025	15:06
Kaine Padly	Australia	Eclairs	44620.00	"$7,672 "	115.00	26-06-2025	16:06
Karlen McCaffrey	India	Fruit & Nut Bars	44587.00	$168 	321.00	27-06-2025	17:06
Roddy Speechley	Canada	Spicy Special Slims	44601.00	"$1,652 "	186.00	28-06-2025	18:06
Husein Augar	USA	Eclairs	44749.00	"$4,025 "	112.00	29-06-2025	19:06
Dennison Crosswaite	New Zealand	White Choc	44747.00	"$9,492 "	151.00	30-06-2025	20:06
Dennison Crosswaite	New Zealand	Manuka Honey Choco	44727.00	"$5,061 "	301.00	01-07-2025	21:06
Van Tuxwell	New Zealand	85% Dark Bars	44705.00	"$1,722 "	121.00	02-07-2025	22:06
Rafaelita Blaksland	UK	99% Dark & Pure	44741.00	"$12,446 "	150.00	03-07-2025	23:06
Wilone O'Kielt	Australia	Manuka Honey Choco	44692.00	"$4,284 "	94.00	04-07-2025	00:06
Karlen McCaffrey	UK	Almond Choco	44742.00	"$6,839 "	133.00	05-07-2025	01:06
Andria Kimpton	Canada	After Nines	44692.00	"$2,163 "	70.00	06-07-2025	02:06
Roddy Speechley	USA	Manuka Honey Choco	44764.00	"$9,583 "	315.00	07-07-2025	03:06
Andria Kimpton	UK	50% Dark Bites	44797.00	"$2,653 "	314.00	08-07-2025	04:06
Kelci Walkden	New Zealand	After Nines	44749.00	$147 	72.00	09-07-2025	05:06
Camilla Castle	Australia	85% Dark Bars	44700.00	"$3,654 "	14.00	10-07-2025	06:06
Karlen McCaffrey	India	Manuka Honey Choco	44746.00	"$2,443 "	581.00	11-07-2025	07:06
Kelci Walkden	USA	After Nines	44714.00	$938 	16.00	12-07-2025	08:06
Karlen McCaffrey	USA	Raspberry Choco	44666.00	"$14,749 "	354.00	13-07-2025	09:06
Mallorie Waber	Canada	Choco Coated Almonds	44753.00	"$4,781 "	241.00	14-07-2025	10:06
Andria Kimpton	India	Spicy Special Slims	44615.00	"$6,307 "	142.00	15-07-2025	11:06
Madelene Upcott	Canada	Almond Choco	44795.00	"$7,602 "	102.00	16-07-2025	12:06
Kaine Padly	USA	Peanut Butter Cubes	44608.00	"$6,790 "	188.00	17-07-2025	13:06
Van Tuxwell	USA	50% Dark Bites	44574.00	"$9,737 "	160.00	18-07-2025	14:06
Curtice Advani	Australia	Milk Bars	44606.00	"$6,979 "	18.00	19-07-2025	15:06
Roddy Speechley	India	Eclairs	44722.00	"$4,382 "	303.00	20-07-2025	16:06
Curtice Advani	India	Fruit & Nut Bars	44749.00	"$5,243 "	176.00	21-07-2025	17:06
Curtice Advani	Canada	Almond Choco	44644.00	"$4,865 "	70.00	22-07-2025	18:06
Brien Boise	Australia	Fruit & Nut Bars	44718.00	"$8,575 "	23.00	23-07-2025	19:06
Dotty Strutley	Australia	Drinking Coco	44761.00	$91 	135.00	24-07-2025	20:06
Beverie Moffet	USA	Raspberry Choco	44670.00	"$14,798 "	83.00	25-07-2025	21:06
Marney O'Breen	India	85% Dark Bars	44761.00	"$2,205 "	179.00	26-07-2025	22:06
Jehu Rudeforth	Canada	Drinking Coco	44757.00	$441 	24.00	27-07-2025	23:06
Ches Bonnell	New Zealand	Spicy Special Slims	44606.00	"$3,556 "	18.00	28-07-2025	00:06
Brien Boise	Canada	99% Dark & Pure	44699.00	"$16,793 "	416.00	29-07-2025	01:06
Barr Faughny	Australia	Fruit & Nut Bars	44742.00	"$15,421 "	55.00	30-07-2025	02:06
Andria Kimpton	Australia	50% Dark Bites	44714.00	"$4,438 "	227.00	31-07-2025	03:06
Andria Kimpton	Australia	Drinking Coco	44740.00	"$1,603 "	48.00	01-08-2025	04:06
Marney O'Breen	Australia	Organic Choco Syrup	44697.00	$273 	174.00	02-08-2025	05:06
Kelci Walkden	Canada	Baker's Choco Chips	44707.00	"$3,073 "	302.00	03-08-2025	06:06
Karlen McCaffrey	India	Almond Choco	44748.00	"$6,090 "	149.00	04-08-2025	07:06
Oby Sorrel	India	99% Dark & Pure	44708.00	"$10,255 "	11.00	05-08-2025	08:06
Wilone O'Kielt	Australia	Caramel Stuffed Bars	44665.00	"$2,030 "	11.00	06-08-2025	09:06
Van Tuxwell	Australia	Organic Choco Syrup	44783.00	"$19,453 "	14.00	07-08-2025	10:06
Camilla Castle	India	50% Dark Bites	44746.00	"$9,275 "	411.00	08-08-2025	11:06
Oby Sorrel	India	Organic Choco Syrup	44750.00	"$6,181 "	56.00	09-08-2025	12:06
Jan Morforth	USA	Peanut Butter Cubes	44764.00	"$9,037 "	102.00	10-08-2025	13:06
Gigi Bohling	USA	Choco Coated Almonds	44622.00	"$12,313 "	103.00	11-08-2025	14:06
Gigi Bohling	UK	Almond Choco	44571.00	"$5,642 "	9.00	12-08-2025	15:06
Jehu Rudeforth	New Zealand	White Choc	44631.00	"$2,800 "	241.00	13-08-2025	16:06
Andria Kimpton	New Zealand	Peanut Butter Cubes	44732.00	$959 	265.00	14-08-2025	17:06
Van Tuxwell	UK	Organic Choco Syrup	44799.00	"$2,002 "	214.00	15-08-2025	18:06
Roddy Speechley	Canada	Milk Bars	44755.00	$609 	32.00	16-08-2025	19:06
Camilla Castle	USA	Spicy Special Slims	44603.00	"$1,274 "	244.00	17-08-2025	20:06
Marney O'Breen	USA	Orange Choco	44588.00	"$7,595 "	181.00	18-08-2025	21:06
Van Tuxwell	UK	99% Dark & Pure	44592.00	"$4,725 "	137.00	19-08-2025	22:06
Camilla Castle	USA	White Choc	44791.00	"$9,681 "	24.00	20-08-2025	23:06
Andria Kimpton	USA	Raspberry Choco	44742.00	"$14,504 "	21.00	21-08-2025	00:06
Dotty Strutley	Australia	Fruit & Nut Bars	44796.00	$280 	311.00	22-08-2025	01:06
Brien Boise	New Zealand	Mint Chip Choco	44774.00	$63 	181.00	23-08-2025	02:06
Roddy Speechley	New Zealand	After Nines	44706.00	"$8,001 "	10.00	24-08-2025	03:06
Roddy Speechley	Canada	Organic Choco Syrup	44571.00	"$4,032 "	82.00	25-08-2025	04:06
Dennison Crosswaite	Australia	70% Dark Bites	44599.00	"$5,859 "	108.00	26-08-2025	05:06
Karlen McCaffrey	USA	Orange Choco	44693.00	"$11,095 "	401.00	27-08-2025	06:06
Madelene Upcott	Australia	Spicy Special Slims	44627.00	"$7,182 "	408.00	28-08-2025	07:06
Dennison Crosswaite	Australia	85% Dark Bars	44656.00	"$6,881 "	420.00	29-08-2025	08:06
Andria Kimpton	Canada	Caramel Stuffed Bars	44564.00	"$7,154 "	348.00	30-08-2025	09:06
Dennison Crosswaite	UK	Eclairs	44644.00	"$6,188 "	270.00	31-08-2025	10:06
Madelene Upcott	India	Raspberry Choco	44749.00	"$4,221 "	9.00	01-09-2025	11:06
Van Tuxwell	USA	After Nines	44768.00	$630 	264.00	02-09-2025	12:06
Wilone O'Kielt	Australia	Organic Choco Syrup	44749.00	"$1,743 "	111.00	03-09-2025	13:06
Karlen McCaffrey	Canada	50% Dark Bites	44757.00	"$2,919 "	65.00	04-09-2025	14:06
Roddy Speechley	New Zealand	Orange Choco	44652.00	$49 	97.00	05-09-2025	15:06
Beverie Moffet	Australia	Eclairs	44732.00	"$1,827 "	6.00	06-09-2025	16:06
Kelci Walkden	UK	Fruit & Nut Bars	44741.00	"$13,006 "	482.00	07-09-2025	17:06
Marney O'Breen	USA	50% Dark Bites	44727.00	"$1,064 "	106.00	08-09-2025	18:06
Husein Augar	USA	After Nines	44659.00	"$11,571 "	180.00	09-09-2025	19:06
Dennison Crosswaite	Australia	Raspberry Choco	44634.00	"$5,740 "	31.00	10-09-2025	20:06
Andria Kimpton	USA	Fruit & Nut Bars	44757.00	"$1,456 "	359.00	11-09-2025	21:06
Kelci Walkden	India	Eclairs	44670.00	"$5,334 "	80.00	12-09-2025	22:06
Marney O'Breen	USA	99% Dark & Pure	44648.00	"$4,151 "	296.00	13-09-2025	23:06
Brien Boise	Canada	Spicy Special Slims	44624.00	"$8,106 "	101.00	14-09-2025	00:06
Karlen McCaffrey	New Zealand	70% Dark Bites	44775.00	$126 	40.00	15-09-2025	01:06
Husein Augar	UK	Spicy Special Slims	44798.00	"$4,697 "	42.00	16-09-2025	02:06
Marney O'Breen	USA	Almond Choco	44617.00	"$7,798 "	167.00	17-09-2025	03:06
Kelci Walkden	India	Orange Choco	44719.00	"$9,408 "	138.00	18-09-2025	04:06
Jan Morforth	India	Spicy Special Slims	44663.00	"$1,939 "	520.00	19-09-2025	05:06
Ches Bonnell	India	Spicy Special Slims	44748.00	"$10,906 "	94.00	20-09-2025	06:06
Kelci Walkden	UK	Smooth Sliky Salty	44580.00	"$5,929 "	175.00	21-09-2025	07:06
Madelene Upcott	Australia	Fruit & Nut Bars	44566.00	"$5,579 "	92.00	22-09-2025	08:06
Madelene Upcott	Canada	70% Dark Bites	44585.00	"$10,927 "	141.00	23-09-2025	09:06
Wilone O'Kielt	Australia	Drinking Coco	44657.00	$623 	283.00	24-09-2025	10:06
Gunar Cockshoot	Australia	Fruit & Nut Bars	44727.00	"$6,013 "	21.00	25-09-2025	11:06
Gigi Bohling	Canada	Baker's Choco Chips	44589.00	"$1,505 "	47.00	26-09-2025	12:06
Kelci Walkden	India	Caramel Stuffed Bars	44636.00	$476 	125.00	27-09-2025	13:06
Rafaelita Blaksland	Australia	Drinking Coco	44613.00	"$11,550 "	396.00	28-09-2025	14:06
Kelci Walkden	USA	Manuka Honey Choco	44608.00	"$17,318 "	87.00	29-09-2025	15:06
Jehu Rudeforth	Canada	Spicy Special Slims	44574.00	"$1,848 "	27.00	30-09-2025	16:06
Kelci Walkden	Australia	Eclairs	44643.00	"$7,273 "	547.00	01-10-2025	17:06
Curtice Advani	Canada	Spicy Special Slims	44728.00	$854 	118.00	02-10-2025	18:06
Oby Sorrel	India	Raspberry Choco	44665.00	"$6,832 "	46.00	03-10-2025	19:06
Kelci Walkden	UK	Eclairs	44586.00	"$4,606 "	57.00	04-10-2025	20:06
Jan Morforth	India	Almond Choco	44631.00	"$4,466 "	22.00	05-10-2025	21:06
Dotty Strutley	UK	Almond Choco	44770.00	"$16,114 "	96.00	06-10-2025	22:06
Marney O'Breen	New Zealand	After Nines	44629.00	"$1,561 "	44.00	07-10-2025	23:06
Husein Augar	Australia	Orange Choco	44740.00	"$8,897 "	188.00	08-10-2025	00:06
Marney O'Breen	Australia	Milk Bars	44770.00	"$2,464 "	387.00	09-10-2025	01:06
Kelci Walkden	Canada	99% Dark & Pure	44788.00	"$4,830 "	50.00	10-10-2025	02:06
Kaine Padly	Australia	Manuka Honey Choco	44573.00	"$2,765 "	264.00	11-10-2025	03:06
Beverie Moffet	New Zealand	White Choc	44644.00	"$7,126 "	7.00	12-10-2025	04:06
Van Tuxwell	UK	Milk Bars	44767.00	"$4,263 "	90.00	13-10-2025	05:06
Oby Sorrel	Canada	99% Dark & Pure	44774.00	"$3,605 "	403.00	14-10-2025	06:06
Van Tuxwell	India	Organic Choco Syrup	44697.00	"$19,929 "	174.00	15-10-2025	07:06
Roddy Speechley	India	Smooth Sliky Salty	44783.00	"$5,103 "	140.00	16-10-2025	08:06
Jan Morforth	India	Eclairs	44566.00	"$2,541 "	27.00	17-10-2025	09:06
Ches Bonnell	UK	Smooth Sliky Salty	44753.00	"$5,663 "	110.00	18-10-2025	10:06
Wilone O'Kielt	USA	After Nines	44676.00	$392 	30.00	19-10-2025	11:06
Gigi Bohling	New Zealand	Fruit & Nut Bars	44655.00	"$10,976 "	121.00	20-10-2025	12:06
Barr Faughny	USA	Raspberry Choco	44663.00	"$9,282 "	101.00	21-10-2025	13:06
Wilone O'Kielt	New Zealand	85% Dark Bars	44775.00	"$1,827 "	117.00	22-10-2025	14:06
Gigi Bohling	New Zealand	Manuka Honey Choco	44740.00	"$8,267 "	272.00	23-10-2025	15:06
Ches Bonnell	Australia	Eclairs	44747.00	"$4,116 "	128.00	24-10-2025	16:06
Rafaelita Blaksland	New Zealand	Choco Coated Almonds	44719.00	"$2,093 "	45.00	25-10-2025	17:06
Brien Boise	New Zealand	Smooth Sliky Salty	44579.00	"$1,015 "	27.00	26-10-2025	18:06
Brien Boise	Australia	Baker's Choco Chips	44565.00	"$12,516 "	212.00	27-10-2025	19:06
Dennison Crosswaite	Australia	99% Dark & Pure	44592.00	"$2,758 "	18.00	28-10-2025	20:06
Kelci Walkden	India	Almond Choco	44634.00	"$3,297 "	149.00	29-10-2025	21:06
Camilla Castle	Australia	70% Dark Bites	44680.00	"$6,048 "	477.00	30-10-2025	22:06
Oby Sorrel	India	Smooth Sliky Salty	44599.00	"$10,101 "	108.00	31-10-2025	23:06
Kaine Padly	UK	Organic Choco Syrup	44651.00	"$2,282 "	178.00	01-11-2025	00:06
Marney O'Breen	India	Caramel Stuffed Bars	44636.00	"$4,361 "	81.00	02-11-2025	01:06
Karlen McCaffrey	UK	Eclairs	44586.00	"$7,798 "	196.00	03-11-2025	02:06
Van Tuxwell	India	Baker's Choco Chips	44732.00	"$3,052 "	447.00	04-11-2025	03:06
Gigi Bohling	UK	After Nines	44649.00	"$8,029 "	175.00	05-11-2025	04:06
Curtice Advani	Australia	Orange Choco	44754.00	$854 	136.00	06-11-2025	05:06
Jehu Rudeforth	Canada	Smooth Sliky Salty	44753.00	"$5,460 "	138.00	07-11-2025	06:06
Karlen McCaffrey	Canada	Smooth Sliky Salty	44580.00	"$3,017 "	184.00	08-11-2025	07:06
Andria Kimpton	USA	85% Dark Bars	44656.00	"$8,911 "	82.00	09-11-2025	08:06
Jehu Rudeforth	Canada	Milk Bars	44613.00	"$7,203 "	12.00	10-11-2025	09:06
Rafaelita Blaksland	New Zealand	Caramel Stuffed Bars	44701.00	"$13,083 "	14.00	11-11-2025	10:06
Mallorie Waber	Australia	Milk Bars	44771.00	"$2,779 "	104.00	12-11-2025	11:06
Barr Faughny	USA	Fruit & Nut Bars	44589.00	"$9,058 "	46.00	13-11-2025	12:06
Marney O'Breen	UK	Caramel Stuffed Bars	44761.00	"$3,549 "	112.00	14-11-2025	13:06
Mallorie Waber	New Zealand	Manuka Honey Choco	44664.00	"$9,436 "	11.00	15-11-2025	14:06
Roddy Speechley	India	Peanut Butter Cubes	44603.00	"$10,283 "	21.00	16-11-2025	15:06
Roddy Speechley	New Zealand	Milk Bars	44622.00	"$5,446 "	116.00	17-11-2025	16:06
Ches Bonnell	Australia	White Choc	44622.00	"$1,043 "	202.00	18-11-2025	17:06
Van Tuxwell	USA	99% Dark & Pure	44770.00	"$12,586 "	6.00	19-11-2025	18:06
Kelci Walkden	India	After Nines	44568.00	"$1,687 "	520.00	20-11-2025	19:06
Brien Boise	UK	White Choc	44663.00	"$5,299 "	167.00	21-11-2025	20:06
Van Tuxwell	Canada	Almond Choco	44739.00	"$3,213 "	72.00	22-11-2025	21:06
Jehu Rudeforth	Australia	50% Dark Bites	44575.00	"$5,194 "	418.00	23-11-2025	22:06
Karlen McCaffrey	UK	Baker's Choco Chips	44599.00	"$4,753 "	389.00	24-11-2025	23:06
Jehu Rudeforth	Australia	Orange Choco	44643.00	"$13,706 "	26.00	25-11-2025	00:06
Marney O'Breen	India	Peanut Butter Cubes	44571.00	"$6,489 "	146.00	26-11-2025	01:06
Oby Sorrel	UK	Choco Coated Almonds	44637.00	"$9,324 "	41.00	27-11-2025	02:06
Gigi Bohling	USA	Spicy Special Slims	44582.00	"$10,829 "	54.00	28-11-2025	03:06
Barr Faughny	Australia	White Choc	44746.00	"$8,113 "	370.00	29-11-2025	04:06
Kaine Padly	Canada	Peanut Butter Cubes	44746.00	"$3,269 "	176.00	30-11-2025	05:06
Dotty Strutley	USA	Manuka Honey Choco	44783.00	$273 	210.00	01-12-2025	06:06
Dennison Crosswaite	Australia	50% Dark Bites	44652.00	"$7,287 "	12.00	02-12-2025	07:06
Gigi Bohling	India	Raspberry Choco	44614.00	"$2,583 "	159.00	03-12-2025	08:06
Camilla Castle	UK	White Choc	44564.00	"$9,982 "	187.00	04-12-2025	09:06
Karlen McCaffrey	India	Drinking Coco	44712.00	"$4,795 "	233.00	05-12-2025	10:06
Dotty Strutley	UK	99% Dark & Pure	44564.00	"$9,310 "	282.00	06-12-2025	11:06
Husein Augar	New Zealand	Caramel Stuffed Bars	44588.00	$497 	475.00	07-12-2025	12:06
Barr Faughny	UK	50% Dark Bites	44589.00	$581 	65.00	08-12-2025	13:06
Curtice Advani	Australia	Organic Choco Syrup	44740.00	"$3,472 "	311.00	09-12-2025	14:06
Husein Augar	UK	Choco Coated Almonds	44622.00	"$4,333 "	43.00	10-12-2025	15:06
Wilone O'Kielt	Australia	After Nines	44708.00	"$3,325 "	26.00	11-12-2025	16:06
Dennison Crosswaite	USA	Almond Choco	44742.00	"$11,718 "	84.00	12-12-2025	17:06
Barr Faughny	Canada	Peanut Butter Cubes	44719.00	"$2,100 "	78.00	13-12-2025	18:06
Kaine Padly	USA	70% Dark Bites	44693.00	"$4,018 "	100.00	14-12-2025	19:06
Barr Faughny	New Zealand	Raspberry Choco	44771.00	"$6,468 "	66.00	15-12-2025	20:06
Dennison Crosswaite	UK	White Choc	44776.00	"$7,238 "	265.00	16-12-2025	21:06
Barr Faughny	India	Baker's Choco Chips	44791.00	"$6,454 "	141.00	17-12-2025	22:06
Van Tuxwell	New Zealand	Smooth Sliky Salty	44726.00	"$3,115 "	42.00	18-12-2025	23:06
Beverie Moffet	UK	White Choc	44742.00	"$6,475 "	76.00	19-12-2025	00:06
Camilla Castle	New Zealand	Mint Chip Choco	44725.00	"$1,162 "	190.00	20-12-2025	01:06
Ches Bonnell	UK	Orange Choco	44678.00	"$14,238 "	54.00	21-12-2025	02:06
Jan Morforth	Australia	White Choc	44769.00	"$3,472 "	32.00	22-12-2025	03:06
Mallorie Waber	Canada	85% Dark Bars	44671.00	"$1,428 "	424.00	23-12-2025	04:06
Rafaelita Blaksland	India	Spicy Special Slims	44565.00	"$8,064 "	134.00	24-12-2025	05:06
Ches Bonnell	Australia	Mint Chip Choco	44613.00	"$9,660 "	92.00	25-12-2025	06:06
Karlen McCaffrey	Australia	White Choc	44566.00	"$7,357 "	48.00	26-12-2025	07:06
Beverie Moffet	India	Drinking Coco	44757.00	"$6,055 "	46.00	27-12-2025	08:06
Brien Boise	Australia	Choco Coated Almonds	44706.00	"$5,124 "	62.00	28-12-2025	09:06
Karlen McCaffrey	Canada	Eclairs	44671.00	"$3,479 "	358.00	29-12-2025	10:06
Gigi Bohling	USA	99% Dark & Pure	44714.00	$784 	249.00	30-12-2025	11:06
Marney O'Breen	UK	Smooth Sliky Salty	44694.00	"$18,991 "	88.00	31-12-2025	12:06
Beverie Moffet	New Zealand	Baker's Choco Chips	44776.00	"$1,372 "	144.00	01-01-2026	13:06
Beverie Moffet	Australia	Milk Bars	44706.00	$735 	390.00	02-01-2026	14:06
Van Tuxwell	UK	Raspberry Choco	44636.00	"$6,538 "	79.00	03-01-2026	15:06
Jan Morforth	Australia	Orange Choco	44746.00	"$3,199 "	122.00	04-01-2026	16:06
Jehu Rudeforth	India	50% Dark Bites	44747.00	"$3,472 "	135.00	05-01-2026	17:06
Madelene Upcott	USA	After Nines	44635.00	"$4,571 "	430.00	06-01-2026	18:06
Barr Faughny	UK	Raspberry Choco	44795.00	"$5,481 "	69.00	07-01-2026	19:06
Ches Bonnell	Australia	70% Dark Bites	44573.00	"$3,136 "	125.00	08-01-2026	20:06
Marney O'Breen	UK	Baker's Choco Chips	44722.00	$252 	154.00	09-01-2026	21:06
Kaine Padly	Australia	Peanut Butter Cubes	44645.00	"$5,460 "	286.00	10-01-2026	22:06
Rafaelita Blaksland	India	Almond Choco	44769.00	"$3,395 "	99.00	11-01-2026	23:06
Husein Augar	UK	Caramel Stuffed Bars	44666.00	"$14,938 "	433.00	12-01-2026	00:06
Roddy Speechley	India	Orange Choco	44739.00	"$4,053 "	19.00	13-01-2026	01:06
Jehu Rudeforth	UK	70% Dark Bites	44665.00	"$5,565 "	258.00	14-01-2026	02:06
Husein Augar	Australia	Manuka Honey Choco	44635.00	"$7,161 "	92.00	15-01-2026	03:06
Madelene Upcott	USA	Eclairs	44638.00	"$8,883 "	200.00	16-01-2026	04:06
Brien Boise	India	Eclairs	44680.00	"$1,351 "	61.00	17-01-2026	05:06
Mallorie Waber	New Zealand	White Choc	44617.00	"$3,171 "	246.00	18-01-2026	06:06
Husein Augar	USA	Milk Bars	44622.00	$854 	56.00	19-01-2026	07:06
Van Tuxwell	Australia	Milk Bars	44732.00	"$7,910 "	87.00	20-01-2026	08:06
Beverie Moffet	Canada	White Choc	44757.00	"$9,275 "	173.00	21-01-2026	09:06
Dotty Strutley	Australia	50% Dark Bites	44693.00	"$3,108 "	252.00	22-01-2026	10:06
Mallorie Waber	New Zealand	Organic Choco Syrup	44743.00	"$5,075 "	256.00	23-01-2026	11:06
Husein Augar	USA	85% Dark Bars	44781.00	$378 	54.00	24-01-2026	12:06
Madelene Upcott	Australia	50% Dark Bites	44767.00	"$7,350 "	6.00	25-01-2026	13:06
Wilone O'Kielt	UK	Drinking Coco	44699.00	"$3,388 "	55.00	26-01-2026	14:06
Camilla Castle	India	Peanut Butter Cubes	44757.00	"$11,837 "	277.00	27-01-2026	15:06
Curtice Advani	India	70% Dark Bites	44747.00	"$2,282 "	44.00	28-01-2026	16:06
Mallorie Waber	USA	Manuka Honey Choco	44746.00	"$5,425 "	96.00	29-01-2026	17:06
Dotty Strutley	UK	70% Dark Bites	44732.00	"$1,267 "	216.00	30-01-2026	18:06
Gunar Cockshoot	Australia	Almond Choco	44586.00	"$3,752 "	424.00	31-01-2026	19:06
Kaine Padly	New Zealand	Spicy Special Slims	44743.00	"$7,728 "	37.00	01-02-2026	20:06
Gigi Bohling	USA	50% Dark Bites	44664.00	"$2,296 "	59.00	02-02-2026	21:06
Beverie Moffet	UK	Smooth Sliky Salty	44685.00	"$4,403 "	76.00	03-02-2026	22:06
Beverie Moffet	Australia	Baker's Choco Chips	44777.00	"$3,192 "	109.00	04-02-2026	23:06
Beverie Moffet	India	70% Dark Bites	44713.00	$448 	146.00	05-02-2026	00:06
Jehu Rudeforth	UK	Choco Coated Almonds	44673.00	"$4,270 "	185.00	06-02-2026	01:06
Kaine Padly	USA	50% Dark Bites	44776.00	$70 	27.00	07-02-2026	02:06
Ches Bonnell	USA	Orange Choco	44722.00	"$1,743 "	69.00	08-02-2026	03:06
Gunar Cockshoot	UK	Manuka Honey Choco	44739.00	"$6,762 "	46.00	09-02-2026	04:06
Marney O'Breen	Australia	Smooth Sliky Salty	44564.00	"$3,745 "	170.00	10-02-2026	05:06
Marney O'Breen	India	After Nines	44753.00	"$2,639 "	179.00	11-02-2026	06:06
Ches Bonnell	New Zealand	Milk Bars	44790.00	"$4,389 "	126.00	12-02-2026	07:06
Rafaelita Blaksland	USA	Fruit & Nut Bars	44579.00	"$2,604 "	65.00	13-02-2026	08:06
Ches Bonnell	India	Organic Choco Syrup	44628.00	"$16,569 "	99.00	14-02-2026	09:06
Mallorie Waber	Australia	Orange Choco	44627.00	"$14,658 "	275.00	15-02-2026	10:06
Husein Augar	India	70% Dark Bites	44690.00	"$6,454 "	157.00	16-02-2026	11:06
Barr Faughny	New Zealand	85% Dark Bars	44704.00	"$2,100 "	157.00	17-02-2026	12:06
Madelene Upcott	UK	Caramel Stuffed Bars	44666.00	$161 	145.00	18-02-2026	13:06
Gigi Bohling	Australia	Drinking Coco	44769.00	"$2,807 "	139.00	19-02-2026	14:06
Marney O'Breen	Canada	Choco Coated Almonds	44795.00	"$2,639 "	406.00	20-02-2026	15:06
Ches Bonnell	USA	70% Dark Bites	44692.00	"$4,571 "	122.00	21-02-2026	16:06
Madelene Upcott	India	Organic Choco Syrup	44587.00	"$4,781 "	38.00	22-02-2026	17:06
Barr Faughny	USA	50% Dark Bites	44665.00	"$13,034 "	117.00	23-02-2026	18:06
Dennison Crosswaite	New Zealand	Mint Chip Choco	44656.00	"$6,454 "	417.00	24-02-2026	19:06
Marney O'Breen	New Zealand	Smooth Sliky Salty	44726.00	"$8,484 "	57.00	25-02-2026	20:06
Brien Boise	Canada	Almond Choco	44664.00	"$4,781 "	125.00	26-02-2026	21:06
Beverie Moffet	Australia	White Choc	44739.00	"$2,240 "	166.00	27-02-2026	22:06
Dotty Strutley	Australia	Eclairs	44587.00	"$6,979 "	3.00	28-02-2026	23:06
Barr Faughny	UK	White Choc	44747.00	"$1,652 "	72.00	01-03-2026	00:06
Beverie Moffet	Canada	Baker's Choco Chips	44572.00	"$13,447 "	95.00	02-03-2026	01:06
Kelci Walkden	USA	White Choc	44627.00	"$9,422 "	22.00	03-03-2026	02:06
Kaine Padly	Canada	50% Dark Bites	44624.00	"$8,687 "	100.00	04-03-2026	03:06
Karlen McCaffrey	Canada	Organic Choco Syrup	44757.00	"$2,415 "	312.00	05-03-2026	04:06
Kaine Padly	UK	Peanut Butter Cubes	44692.00	"$6,272 "	86.00	06-03-2026	05:06
Karlen McCaffrey	USA	Milk Bars	44588.00	"$4,389 "	7.00	07-03-2026	06:06
Karlen McCaffrey	India	Orange Choco	44739.00	"$3,122 "	149.00	08-03-2026	07:06
Ches Bonnell	India	Smooth Sliky Salty	44776.00	"$8,043 "	18.00	09-03-2026	08:06
Wilone O'Kielt	New Zealand	Mint Chip Choco	44792.00	"$11,662 "	242.00	10-03-2026	09:06
Wilone O'Kielt	Australia	Fruit & Nut Bars	44727.00	$392 	102.00	11-03-2026	10:06
Dennison Crosswaite	UK	Peanut Butter Cubes	44599.00	"$8,925 "	158.00	12-03-2026	11:06
Karlen McCaffrey	Australia	Almond Choco	44750.00	"$7,294 "	128.00	13-03-2026	12:06
Dennison Crosswaite	India	Milk Bars	44672.00	"$1,526 "	96.00	14-03-2026	13:06
Ches Bonnell	UK	Mint Chip Choco	44659.00	"$2,688 "	209.00	15-03-2026	14:06
Husein Augar	Australia	50% Dark Bites	44792.00	"$14,889 "	52.00	16-03-2026	15:06
Jan Morforth	India	Fruit & Nut Bars	44685.00	"$2,912 "	55.00	17-03-2026	16:06
Mallorie Waber	USA	85% Dark Bars	44692.00	"$2,632 "	108.00	18-03-2026	17:06
Mallorie Waber	USA	Eclairs	44642.00	"$6,328 "	51.00	19-03-2026	18:06
Dennison Crosswaite	Canada	Spicy Special Slims	44783.00	"$2,527 "	216.00	20-03-2026	19:06
Dennison Crosswaite	USA	Fruit & Nut Bars	44685.00	"$1,414 "	318.00	21-03-2026	20:06
Kelci Walkden	USA	99% Dark & Pure	44791.00	"$7,714 "	238.00	22-03-2026	21:06
Dotty Strutley	Canada	Raspberry Choco	44776.00	"$4,347 "	238.00	23-03-2026	22:06
Marney O'Breen	New Zealand	Milk Bars	44575.00	"$7,490 "	315.00	24-03-2026	23:06
Madelene Upcott	Australia	Choco Coated Almonds	44659.00	"$2,058 "	72.00	25-03-2026	00:06
Kelci Walkden	UK	Orange Choco	44774.00	"$3,640 "	3.00	26-03-2026	01:06
Dennison Crosswaite	Canada	Eclairs	44635.00	$455 	45.00	27-03-2026	02:06
Karlen McCaffrey	India	Mint Chip Choco	44757.00	"$10,990 "	184.00	28-03-2026	03:06
Barr Faughny	New Zealand	Almond Choco	44574.00	"$5,558 "	127.00	29-03-2026	04:06
Mallorie Waber	Australia	85% Dark Bars	44799.00	"$2,541 "	53.00	30-03-2026	05:06
Ches Bonnell	Canada	Eclairs	44571.00	"$1,876 "	172.00	31-03-2026	06:06
Gigi Bohling	Australia	White Choc	44692.00	"$5,523 "	87.00	01-04-2026	07:06
Beverie Moffet	New Zealand	85% Dark Bars	44803.00	"$11,200 "	22.00	02-04-2026	08:06
Kaine Padly	USA	Caramel Stuffed Bars	44763.00	"$5,593 "	122.00	03-04-2026	09:06
Mallorie Waber	Australia	Almond Choco	44774.00	"$7,882 "	125.00	04-04-2026	10:06
Brien Boise	Canada	85% Dark Bars	44609.00	"$10,241 "	259.00	05-04-2026	11:06
Brien Boise	Australia	Drinking Coco	44769.00	"$6,832 "	156.00	06-04-2026	12:06
Dotty Strutley	USA	Orange Choco	44615.00	"$1,379 "	107.00	07-04-2026	13:06
Rafaelita Blaksland	Australia	50% Dark Bites	44642.00	"$3,010 "	40.00	08-04-2026	14:06
Dennison Crosswaite	India	99% Dark & Pure	44735.00	"$6,888 "	311.00	09-04-2026	15:06
Curtice Advani	UK	White Choc	44593.00	"$1,540 "	73.00	10-04-2026	16:06
Kelci Walkden	Australia	After Nines	44622.00	"$6,916 "	288.00	11-04-2026	17:06
Gigi Bohling	UK	Fruit & Nut Bars	44657.00	"$1,232 "	86.00	12-04-2026	18:06
Gunar Cockshoot	Australia	Raspberry Choco	44637.00	$602 	72.00	13-04-2026	19:06
Curtice Advani	UK	Fruit & Nut Bars	44736.00	"$10,927 "	136.00	14-04-2026	20:06
Barr Faughny	Canada	50% Dark Bites	44761.00	"$10,185 "	303.00	15-04-2026	21:06
Curtice Advani	USA	Spicy Special Slims	44753.00	"$1,603 "	264.00	16-04-2026	22:06
Brien Boise	India	Almond Choco	44574.00	"$2,170 "	218.00	17-04-2026	23:06
Oby Sorrel	New Zealand	Smooth Sliky Salty	44749.00	"$8,673 "	60.00	18-04-2026	00:06
Jan Morforth	India	85% Dark Bars	44706.00	"$4,760 "	418.00	19-04-2026	01:06
Marney O'Breen	India	Fruit & Nut Bars	44664.00	"$4,753 "	151.00	20-04-2026	02:06
Andria Kimpton	New Zealand	50% Dark Bites	44622.00	"$3,374 "	202.00	21-04-2026	03:06
Gunar Cockshoot	Canada	Raspberry Choco	44735.00	"$2,058 "	126.00	22-04-2026	04:06
Kelci Walkden	USA	Drinking Coco	44768.00	"$6,454 "	160.00	23-04-2026	05:06
Van Tuxwell	Canada	White Choc	44642.00	$420 	3.00	24-04-2026	06:06
Rafaelita Blaksland	USA	Baker's Choco Chips	44721.00	"$2,863 "	58.00	25-04-2026	07:06
Van Tuxwell	Australia	Caramel Stuffed Bars	44698.00	"$5,936 "	59.00	26-04-2026	08:06
Ches Bonnell	New Zealand	Peanut Butter Cubes	44624.00	$889 	273.00	27-04-2026	09:06
Kelci Walkden	Canada	Milk Bars	44749.00	"$16,016 "	28.00	28-04-2026	10:06
Dennison Crosswaite	Canada	Choco Coated Almonds	44574.00	"$10,479 "	118.00	29-04-2026	11:06
Curtice Advani	Australia	Almond Choco	44755.00	"$2,912 "	75.00	30-04-2026	12:06
Madelene Upcott	Australia	85% Dark Bars	44728.00	"$1,575 "	329.00	01-05-2026	13:06
Gigi Bohling	UK	50% Dark Bites	44760.00	"$8,197 "	69.00	02-05-2026	14:06
Ches Bonnell	UK	Manuka Honey Choco	44711.00	"$4,221 "	395.00	03-05-2026	15:06
Gigi Bohling	UK	70% Dark Bites	44733.00	$840 	81.00	04-05-2026	16:06
Jehu Rudeforth	Australia	Peanut Butter Cubes	44736.00	"$5,691 "	38.00	05-05-2026	17:06
Marney O'Breen	India	Eclairs	44574.00	"$3,472 "	96.00	06-05-2026	18:06
Curtice Advani	Canada	Fruit & Nut Bars	44655.00	"$4,193 "	195.00	07-05-2026	19:06
Kaine Padly	UK	Smooth Sliky Salty	44720.00	"$9,016 "	554.00	08-05-2026	20:06
Karlen McCaffrey	Canada	Spicy Special Slims	44775.00	"$6,328 "	47.00	09-05-2026	21:06
Kelci Walkden	USA	Organic Choco Syrup	44763.00	"$9,870 "	152.00	10-05-2026	22:06
Curtice Advani	India	Spicy Special Slims	44732.00	$161 	134.00	11-05-2026	23:06
Roddy Speechley	India	After Nines	44734.00	"$2,576 "	112.00	12-05-2026	00:06
Camilla Castle	Australia	Caramel Stuffed Bars	44683.00	"$3,178 "	16.00	13-05-2026	01:06
Curtice Advani	Australia	99% Dark & Pure	44568.00	"$4,676 "	84.00	14-05-2026	02:06
Mallorie Waber	UK	50% Dark Bites	44613.00	"$5,502 "	99.00	15-05-2026	03:06
Ches Bonnell	Canada	Baker's Choco Chips	44641.00	"$7,462 "	371.00	16-05-2026	04:06
Van Tuxwell	UK	Drinking Coco	44655.00	"$5,803 "	136.00	17-05-2026	05:06
Gunar Cockshoot	Canada	Fruit & Nut Bars	44644.00	"$13,888 "	203.00	18-05-2026	06:06
Gunar Cockshoot	New Zealand	Spicy Special Slims	44740.00	"$6,867 "	183.00	19-05-2026	07:06
Gunar Cockshoot	Australia	Drinking Coco	44575.00	"$2,317 "	195.00	20-05-2026	08:06
Karlen McCaffrey	New Zealand	Fruit & Nut Bars	44599.00	"$1,218 "	135.00	21-05-2026	09:06
Dennison Crosswaite	New Zealand	Drinking Coco	44572.00	"$4,109 "	197.00	22-05-2026	10:06
Jehu Rudeforth	India	99% Dark & Pure	44617.00	"$1,953 "	242.00	23-05-2026	11:06
Dotty Strutley	Australia	Mint Chip Choco	44774.00	"$6,790 "	25.00	24-05-2026	12:06
Roddy Speechley	Australia	Mint Chip Choco	44686.00	"$6,797 "	252.00	25-05-2026	13:06
Madelene Upcott	New Zealand	Raspberry Choco	44699.00	"$9,226 "	415.00	26-05-2026	14:06
Dotty Strutley	New Zealand	Choco Coated Almonds	44565.00	"$5,733 "	348.00	27-05-2026	15:06
Roddy Speechley	New Zealand	50% Dark Bites	44690.00	"$4,312 "	211.00	28-05-2026	16:06
Rafaelita Blaksland	India	Smooth Sliky Salty	44687.00	"$1,638 "	81.00	29-05-2026	17:06
Husein Augar	UK	White Choc	44574.00	"$10,815 "	145.00	30-05-2026	18:06
Roddy Speechley	Australia	Almond Choco	44736.00	"$4,466 "	74.00	31-05-2026	19:06
Van Tuxwell	USA	Caramel Stuffed Bars	44606.00	$987 	21.00	01-06-2026	20:06
Camilla Castle	Australia	99% Dark & Pure	44579.00	"$4,669 "	101.00	02-06-2026	21:06
Kaine Padly	India	Milk Bars	44683.00	"$2,905 "	91.00	03-06-2026	22:06
Ches Bonnell	Australia	Smooth Sliky Salty	44697.00	"$7,490 "	54.00	04-06-2026	23:06
Mallorie Waber	USA	Almond Choco	44589.00	"$6,986 "	368.00	05-06-2026	00:06
Kaine Padly	Canada	99% Dark & Pure	44736.00	"$1,288 "	409.00	06-06-2026	01:06
Oby Sorrel	UK	After Nines	44760.00	"$2,345 "	104.00	07-06-2026	02:06
Gunar Cockshoot	UK	Eclairs	44664.00	"$3,619 "	164.00	08-06-2026	03:06
Dotty Strutley	USA	Caramel Stuffed Bars	44666.00	"$16,982 "	76.00	09-06-2026	04:06
Jan Morforth	India	Peanut Butter Cubes	44565.00	"$8,092 "	178.00	10-06-2026	05:06
Husein Augar	Australia	Eclairs	44746.00	"$6,993 "	31.00	11-06-2026	06:06
Beverie Moffet	USA	Smooth Sliky Salty	44644.00	"$2,317 "	352.00	12-06-2026	07:06
Camilla Castle	Australia	Manuka Honey Choco	44637.00	$637 	169.00	13-06-2026	08:06
Oby Sorrel	Australia	Almond Choco	44607.00	"$6,034 "	223.00	14-06-2026	09:06
Jan Morforth	USA	Orange Choco	44741.00	$980 	146.00	15-06-2026	10:06
Gigi Bohling	USA	Fruit & Nut Bars	44705.00	"$2,821 "	112.00	16-06-2026	11:06
Mallorie Waber	UK	Milk Bars	44571.00	"$3,563 "	284.00	17-06-2026	12:06
Curtice Advani	USA	Raspberry Choco	44635.00	"$2,996 "	139.00	18-06-2026	13:06
Marney O'Breen	Canada	Milk Bars	44600.00	"$2,436 "	309.00	19-06-2026	14:06
Brien Boise	India	Caramel Stuffed Bars	44617.00	"$1,540 "	100.00	20-06-2026	15:06
Gunar Cockshoot	USA	Eclairs	44684.00	"$6,916 "	42.00	21-06-2026	16:06
Roddy Speechley	USA	Fruit & Nut Bars	44726.00	"$5,509 "	24.00	22-06-2026	17:06
Gunar Cockshoot	India	50% Dark Bites	44782.00	"$12,992 "	83.00	23-06-2026	18:06
Wilone O'Kielt	New Zealand	Manuka Honey Choco	44753.00	"$3,724 "	234.00	24-06-2026	19:06
Kaine Padly	UK	Manuka Honey Choco	44575.00	"$7,133 "	118.00	25-06-2026	20:06
Van Tuxwell	Canada	Manuka Honey Choco	44616.00	"$8,617 "	46.00	26-06-2026	21:06
Wilone O'Kielt	New Zealand	Almond Choco	44635.00	"$9,198 "	144.00	27-06-2026	22:06
Oby Sorrel	New Zealand	Baker's Choco Chips	44676.00	"$11,823 "	47.00	28-06-2026	23:06
Dennison Crosswaite	Australia	Organic Choco Syrup	44691.00	"$5,775 "	41.00	29-06-2026	00:06
Marney O'Breen	Australia	Spicy Special Slims	44735.00	"$13,125 "	275.00	30-06-2026	01:06
Beverie Moffet	Canada	Smooth Sliky Salty	44620.00	"$14,287 "	370.00	01-07-2026	02:06
Brien Boise	USA	Organic Choco Syrup	44706.00	"$16,233 "	138.00	02-07-2026	03:06
Roddy Speechley	New Zealand	Baker's Choco Chips	44614.00	"$5,313 "	215.00	03-07-2026	04:06
Van Tuxwell	UK	85% Dark Bars	44753.00	"$3,577 "	134.00	04-07-2026	05:06
Marney O'Breen	Canada	Spicy Special Slims	44564.00	"$3,528 "	336.00	05-07-2026	06:06
Rafaelita Blaksland	New Zealand	70% Dark Bites	44797.00	$679 	280.00	06-07-2026	07:06
Beverie Moffet	USA	50% Dark Bites	44770.00	"$2,450 "	352.00	07-07-2026	08:06
Brien Boise	USA	Mint Chip Choco	44706.00	"$10,577 "	150.00	08-07-2026	09:06
Karlen McCaffrey	New Zealand	Eclairs	44687.00	"$2,597 "	177.00	09-07-2026	10:06
Barr Faughny	India	Drinking Coco	44589.00	"$2,219 "	142.00	10-07-2026	11:06
Marney O'Breen	UK	Orange Choco	44718.00	"$11,319 "	12.00	11-07-2026	12:06
Brien Boise	New Zealand	Baker's Choco Chips	44754.00	"$5,978 "	24.00	12-07-2026	13:06
Ches Bonnell	Canada	Spicy Special Slims	44778.00	"$5,327 "	183.00	13-07-2026	14:06
Brien Boise	USA	Orange Choco	44589.00	"$6,020 "	147.00	14-07-2026	15:06
Kaine Padly	India	Spicy Special Slims	44804.00	"$5,614 "	137.00	15-07-2026	16:06
Mallorie Waber	USA	50% Dark Bites	44670.00	"$1,736 "	13.00	16-07-2026	17:06
Mallorie Waber	UK	Mint Chip Choco	44741.00	"$6,384 "	2.00	17-07-2026	18:06
Beverie Moffet	India	Choco Coated Almonds	44616.00	"$3,577 "	261.00	18-07-2026	19:06
Madelene Upcott	UK	Smooth Sliky Salty	44624.00	"$14,539 "	84.00	19-07-2026	20:06
Gigi Bohling	India	Eclairs	44733.00	"$3,493 "	68.00	20-07-2026	21:06
Rafaelita Blaksland	Australia	Organic Choco Syrup	44587.00	$994 	105.00	21-07-2026	22:06
Oby Sorrel	New Zealand	White Choc	44722.00	"$4,361 "	40.00	22-07-2026	23:06
Andria Kimpton	UK	Drinking Coco	44704.00	"$1,554 "	65.00	23-07-2026	00:06
Kelci Walkden	India	Milk Bars	44666.00	$966 	107.00	24-07-2026	01:06
Karlen McCaffrey	New Zealand	Caramel Stuffed Bars	44592.00	"$5,334 "	227.00	25-07-2026	02:06
Andria Kimpton	New Zealand	Organic Choco Syrup	44624.00	"$4,935 "	39.00	26-07-2026	03:06
Barr Faughny	New Zealand	After Nines	44670.00	"$10,024 "	84.00	27-07-2026	04:06
Beverie Moffet	UK	Almond Choco	44697.00	"$2,506 "	100.00	28-07-2026	05:06
Oby Sorrel	Australia	Raspberry Choco	44609.00	"$1,043 "	120.00	29-07-2026	06:06
Dennison Crosswaite	USA	Raspberry Choco	44579.00	"$6,524 "	257.00	30-07-2026	07:06
Roddy Speechley	Canada	Orange Choco	44601.00	"$8,148 "	85.00	31-07-2026	08:06
Mallorie Waber	Canada	Orange Choco	44643.00	"$3,577 "	178.00	01-08-2026	09:06
Madelene Upcott	New Zealand	Caramel Stuffed Bars	44593.00	"$3,374 "	151.00	02-08-2026	10:06
Mallorie Waber	India	Drinking Coco	44627.00	"$3,948 "	142.00	03-08-2026	11:06
Ches Bonnell	UK	White Choc	44564.00	"$3,269 "	226.00	04-08-2026	12:06
Ches Bonnell	USA	White Choc	44603.00	"$5,271 "	341.00	05-08-2026	13:06
Dennison Crosswaite	New Zealand	Orange Choco	44636.00	"$4,571 "	140.00	06-08-2026	14:06
Dotty Strutley	India	White Choc	44788.00	"$12,327 "	330.00	07-08-2026	15:06
Gigi Bohling	India	Manuka Honey Choco	44693.00	"$4,935 "	73.00	08-08-2026	16:06
Van Tuxwell	India	Spicy Special Slims	44662.00	"$6,167 "	4.00	09-08-2026	17:06
Jan Morforth	New Zealand	Mint Chip Choco	44742.00	"$18,340 "	285.00	10-08-2026	18:06
Dotty Strutley	New Zealand	White Choc	44727.00	"$7,014 "	60.00	11-08-2026	19:06
Rafaelita Blaksland	Canada	Caramel Stuffed Bars	44774.00	"$7,119 "	101.00	12-08-2026	20:06
Kaine Padly	USA	Milk Bars	44727.00	"$15,491 "	58.00	13-08-2026	21:06
Brien Boise	India	After Nines	44728.00	"$5,747 "	45.00	14-08-2026	22:06
Oby Sorrel	New Zealand	Raspberry Choco	44694.00	"$4,550 "	281.00	15-08-2026	23:06
Dennison Crosswaite	USA	Drinking Coco	44691.00	"$2,191 "	138.00	16-08-2026	00:06
Oby Sorrel	India	Eclairs	44798.00	"$5,663 "	322.00	17-08-2026	01:06
Ches Bonnell	New Zealand	Organic Choco Syrup	44757.00	"$7,623 "	85.00	18-08-2026	02:06
Gigi Bohling	UK	Baker's Choco Chips	44697.00	"$9,023 "	409.00	19-08-2026	03:06
Jan Morforth	Australia	50% Dark Bites	44726.00	"$3,402 "	182.00	20-08-2026	04:06
Beverie Moffet	Australia	Smooth Sliky Salty	44586.00	"$10,507 "	467.00	21-08-2026	05:06
Ches Bonnell	USA	Organic Choco Syrup	44770.00	"$7,721 "	14.00	22-08-2026	06:06
Brien Boise	Canada	Mint Chip Choco	44589.00	"$5,033 "	178.00	23-08-2026	07:06
Kaine Padly	UK	Orange Choco	44741.00	"$1,960 "	191.00	24-08-2026	08:06
Karlen McCaffrey	Australia	70% Dark Bites	44736.00	$238 	317.00	25-08-2026	09:06
Gunar Cockshoot	Canada	Mint Chip Choco	44743.00	"$7,756 "	410.00	26-08-2026	10:06
Roddy Speechley	USA	Peanut Butter Cubes	44617.00	"$1,736 "	137.00	27-08-2026	11:06
Curtice Advani	Canada	Smooth Sliky Salty	44774.00	"$2,660 "	12.00	28-08-2026	12:06
Oby Sorrel	Australia	Milk Bars	44733.00	"$7,672 "	254.00	29-08-2026	13:06
Camilla Castle	New Zealand	Spicy Special Slims	44586.00	"$11,564 "	24.00	30-08-2026	14:06
Gigi Bohling	UK	Milk Bars	44698.00	"$1,365 "	232.00	31-08-2026	15:06
Andria Kimpton	Australia	85% Dark Bars	44796.00	"$4,186 "	233.00	01-09-2026	16:06
Camilla Castle	Australia	Smooth Sliky Salty	44623.00	"$7,406 "	118.00	02-09-2026	17:06
Roddy Speechley	India	Caramel Stuffed Bars	44711.00	"$8,911 "	543.00	03-09-2026	18:06
Karlen McCaffrey	USA	Drinking Coco	44741.00	$112 	223.00	04-09-2026	19:06
Andria Kimpton	Canada	Organic Choco Syrup	44565.00	"$8,204 "	204.00	05-09-2026	20:06
Jehu Rudeforth	Australia	Drinking Coco	44575.00	"$2,611 "	65.00	06-09-2026	21:06
Karlen McCaffrey	USA	Mint Chip Choco	44607.00	"$15,652 "	53.00	07-09-2026	22:06
Curtice Advani	New Zealand	Spicy Special Slims	44571.00	"$4,074 "	469.00	08-09-2026	23:06
Madelene Upcott	USA	White Choc	44685.00	"$12,250 "	213.00	09-09-2026	00:06
Andria Kimpton	USA	Spicy Special Slims	44704.00	"$2,366 "	5.00	10-09-2026	01:06
Barr Faughny	New Zealand	Fruit & Nut Bars	44677.00	"$1,687 "	147.00	11-09-2026	02:06
Oby Sorrel	Canada	Organic Choco Syrup	44747.00	"$1,232 "	74.00	12-09-2026	03:06
Madelene Upcott	UK	Organic Choco Syrup	44763.00	"$6,965 "	163.00	13-09-2026	04:06
Dotty Strutley	USA	Mint Chip Choco	44613.00	"$5,292 "	248.00	14-09-2026	05:06
Kelci Walkden	USA	Orange Choco	44595.00	"$1,379 "	138.00	15-09-2026	06:06
Gigi Bohling	Australia	Caramel Stuffed Bars	44750.00	"$8,001 "	151.00	16-09-2026	07:06
Mallorie Waber	India	50% Dark Bites	44712.00	$588 	139.00	17-09-2026	08:06
Van Tuxwell	New Zealand	Mint Chip Choco	44739.00	"$4,046 "	103.00	18-09-2026	09:06
Van Tuxwell	India	50% Dark Bites	44694.00	"$5,103 "	129.00	19-09-2026	10:06
Van Tuxwell	USA	Manuka Honey Choco	44712.00	"$2,317 "	102.00	20-09-2026	11:06
Wilone O'Kielt	USA	Orange Choco	44620.00	"$7,042 "	37.00	21-09-2026	12:06
Barr Faughny	New Zealand	Eclairs	44648.00	"$6,713 "	31.00	22-09-2026	13:06
Gigi Bohling	USA	After Nines	44575.00	"$1,848 "	227.00	23-09-2026	14:06
Barr Faughny	New Zealand	Mint Chip Choco	44613.00	"$6,440 "	145.00	24-09-2026	15:06
Dennison Crosswaite	Canada	85% Dark Bars	44774.00	"$10,885 "	90.00	25-09-2026	16:06
Beverie Moffet	New Zealand	Smooth Sliky Salty	44700.00	"$2,387 "	59.00	26-09-2026	17:06
Husein Augar	USA	White Choc	44755.00	"$2,030 "	60.00	27-09-2026	18:06
Andria Kimpton	Australia	Peanut Butter Cubes	44671.00	"$6,678 "	148.00	28-09-2026	19:06
Dennison Crosswaite	India	85% Dark Bars	44742.00	"$4,515 "	22.00	29-09-2026	20:06
Curtice Advani	UK	50% Dark Bites	44628.00	"$3,374 "	142.00	30-09-2026	21:06
Gunar Cockshoot	USA	Fruit & Nut Bars	44629.00	"$5,852 "	93.00	01-10-2026	22:06
Oby Sorrel	Canada	Raspberry Choco	44728.00	"$1,750 "	208.00	02-10-2026	23:06
Gigi Bohling	UK	Drinking Coco	44742.00	"$5,782 "	42.00	03-10-2026	00:06
Kelci Walkden	India	Mint Chip Choco	44770.00	"$2,870 "	120.00	04-10-2026	01:06
Karlen McCaffrey	Canada	Peanut Butter Cubes	44785.00	"$3,094 "	159.00	05-10-2026	02:06
Barr Faughny	UK	Mint Chip Choco	44749.00	"$3,724 "	316.00	06-10-2026	03:06
Barr Faughny	USA	85% Dark Bars	44798.00	"$12,761 "	47.00	07-10-2026	04:06
Husein Augar	Canada	Eclairs	44578.00	"$3,696 "	233.00	08-10-2026	05:06
Jan Morforth	Australia	70% Dark Bites	44624.00	"$5,222 "	384.00	09-10-2026	06:06
Marney O'Breen	New Zealand	Fruit & Nut Bars	44798.00	"$8,939 "	4.00	10-10-2026	07:06
Ches Bonnell	UK	Peanut Butter Cubes	44666.00	"$2,156 "	260.00	11-10-2026	08:06
Kaine Padly	USA	Organic Choco Syrup	44631.00	"$2,380 "	22.00	12-10-2026	09:06
Camilla Castle	USA	Raspberry Choco	44701.00	"$3,339 "	18.00	13-10-2026	10:06
Brien Boise	New Zealand	Manuka Honey Choco	44726.00	"$14,980 "	42.00	14-10-2026	11:06
Jehu Rudeforth	New Zealand	After Nines	44665.00	"$1,512 "	73.00	15-10-2026	12:06
Jehu Rudeforth	USA	Smooth Sliky Salty	44749.00	"$6,657 "	154.00	16-10-2026	13:06
Madelene Upcott	India	Mint Chip Choco	44797.00	"$3,836 "	71.00	17-10-2026	14:06
Jehu Rudeforth	India	Eclairs	44616.00	"$8,771 "	127.00	18-10-2026	15:06
Karlen McCaffrey	Canada	Raspberry Choco	44690.00	$651 	224.00	19-10-2026	16:06
Kaine Padly	Australia	70% Dark Bites	44600.00	"$6,706 "	223.00	20-10-2026	17:06
Roddy Speechley	UK	70% Dark Bites	44644.00	"$1,421 "	284.00	21-10-2026	18:06
Rafaelita Blaksland	USA	Drinking Coco	44732.00	"$8,526 "	73.00	22-10-2026	19:06
Mallorie Waber	Canada	Manuka Honey Choco	44627.00	"$1,435 "	112.00	23-10-2026	20:06
Kaine Padly	Australia	Fruit & Nut Bars	44732.00	"$7,434 "	85.00	24-10-2026	21:06
Oby Sorrel	New Zealand	Organic Choco Syrup	44609.00	"$15,316 "	270.00	25-10-2026	22:06
Madelene Upcott	UK	99% Dark & Pure	44587.00	"$10,479 "	45.00	26-10-2026	23:06
Madelene Upcott	Australia	Mint Chip Choco	44683.00	"$2,751 "	153.00	27-10-2026	00:06
Curtice Advani	Canada	99% Dark & Pure	44749.00	"$12,586 "	7.00	28-10-2026	01:06
Rafaelita Blaksland	Australia	Baker's Choco Chips	44795.00	"$2,786 "	51.00	29-10-2026	02:06
Karlen McCaffrey	Australia	After Nines	44784.00	"$2,303 "	67.00	30-10-2026	03:06
Marney O'Breen	UK	99% Dark & Pure	44574.00	"$8,113 "	194.00	31-10-2026	04:06
Gunar Cockshoot	Australia	50% Dark Bites	44622.00	"$12,271 "	116.00	01-11-2026	05:06
Marney O'Breen	Australia	Choco Coated Almonds	44769.00	"$11,298 "	41.00	02-11-2026	06:06
Kelci Walkden	New Zealand	Drinking Coco	44630.00	"$15,855 "	111.00	03-11-2026	07:06
Beverie Moffet	USA	85% Dark Bars	44796.00	"$12,404 "	334.00	04-11-2026	08:06
Roddy Speechley	USA	Eclairs	44676.00	"$3,990 "	155.00	05-11-2026	09:06
Dennison Crosswaite	UK	Milk Bars	44627.00	"$10,808 "	407.00	06-11-2026	10:06
Wilone O'Kielt	UK	Organic Choco Syrup	44754.00	"$4,858 "	52.00	07-11-2026	11:06
Madelene Upcott	USA	Orange Choco	44697.00	"$7,742 "	138.00	08-11-2026	12:06
Gunar Cockshoot	India	Smooth Sliky Salty	44622.00	"$3,752 "	70.00	09-11-2026	13:06
Marney O'Breen	New Zealand	85% Dark Bars	44711.00	"$1,218 "	149.00	10-11-2026	14:06
Marney O'Breen	UK	Manuka Honey Choco	44722.00	"$10,983 "	179.00	11-11-2026	15:06
Brien Boise	USA	99% Dark & Pure	44767.00	"$6,769 "	353.00	12-11-2026	16:06
Beverie Moffet	New Zealand	Mint Chip Choco	44721.00	"$4,361 "	97.00	13-11-2026	17:06
Dennison Crosswaite	USA	Milk Bars	44693.00	$777 	60.00	14-11-2026	18:06
Gunar Cockshoot	USA	Drinking Coco	44690.00	"$3,843 "	5.00	15-11-2026	19:06
Brien Boise	Canada	Manuka Honey Choco	44782.00	"$6,930 "	182.00	16-11-2026	20:06
Van Tuxwell	India	Choco Coated Almonds	44664.00	"$5,733 "	114.00	17-11-2026	21:06
Andria Kimpton	USA	Caramel Stuffed Bars	44683.00	"$8,393 "	46.00	18-11-2026	22:06
Dotty Strutley	USA	99% Dark & Pure	44782.00	"$3,822 "	320.00	19-11-2026	23:06
Camilla Castle	Australia	Raspberry Choco	44796.00	"$6,342 "	178.00	20-11-2026	00:06
Gunar Cockshoot	India	Spicy Special Slims	44694.00	"$6,510 "	170.00	21-11-2026	01:06
Karlen McCaffrey	USA	Manuka Honey Choco	44593.00	"$10,171 "	67.00	22-11-2026	02:06
Camilla Castle	USA	50% Dark Bites	44735.00	"$5,908 "	301.00	23-11-2026	03:06
Madelene Upcott	UK	Choco Coated Almonds	44705.00	"$10,164 "	134.00	24-11-2026	04:06
Jan Morforth	Canada	Mint Chip Choco	44652.00	"$1,064 "	211.00	25-11-2026	05:06
Camilla Castle	Canada	70% Dark Bites	44769.00	"$9,716 "	151.00	26-11-2026	06:06
Ches Bonnell	India	Peanut Butter Cubes	44588.00	"$22,050 "	208.00	27-11-2026	07:06
Jan Morforth	India	Choco Coated Almonds	44785.00	"$2,541 "	134.00	28-11-2026	08:06
Gigi Bohling	Canada	Almond Choco	44593.00	"$9,989 "	49.00	29-11-2026	09:06
Rafaelita Blaksland	India	After Nines	44622.00	"$4,739 "	204.00	30-11-2026	10:06
Kelci Walkden	Australia	99% Dark & Pure	44742.00	"$3,185 "	34.00	01-12-2026	11:06
Dotty Strutley	Australia	Spicy Special Slims	44578.00	"$8,225 "	91.00	02-12-2026	12:06
Brien Boise	USA	Milk Bars	44749.00	"$14,301 "	130.00	03-12-2026	13:06
Mallorie Waber	New Zealand	Mint Chip Choco	44592.00	"$1,316 "	107.00	04-12-2026	14:06
Beverie Moffet	UK	99% Dark & Pure	44783.00	"$3,486 "	121.00	05-12-2026	15:06
Beverie Moffet	USA	Peanut Butter Cubes	44791.00	"$13,930 "	339.00	06-12-2026	16:06
Brien Boise	New Zealand	White Choc	44727.00	"$5,509 "	321.00	07-12-2026	17:06
Marney O'Breen	USA	Baker's Choco Chips	44587.00	"$8,470 "	9.00	08-12-2026	18:06
Kelci Walkden	USA	Spicy Special Slims	44680.00	$77 	69.00	09-12-2026	19:06
Mallorie Waber	Canada	White Choc	44623.00	"$3,381 "	72.00	10-12-2026	20:06
Kaine Padly	Australia	Almond Choco	44614.00	"$4,102 "	392.00	11-12-2026	21:06
Oby Sorrel	USA	Smooth Sliky Salty	44624.00	"$3,577 "	158.00	12-12-2026	22:06
Dennison Crosswaite	India	Smooth Sliky Salty	44749.00	"$2,975 "	9.00	13-12-2026	23:06
Camilla Castle	New Zealand	Caramel Stuffed Bars	44729.00	"$4,137 "	347.00	14-12-2026	00:06
Jan Morforth	Canada	Caramel Stuffed Bars	44775.00	"$9,541 "	114.00	15-12-2026	01:06
Oby Sorrel	USA	Baker's Choco Chips	44785.00	"$8,001 "	120.00	16-12-2026	02:06
Madelene Upcott	New Zealand	Peanut Butter Cubes	44589.00	"$5,152 "	333.00	17-12-2026	03:06
Kelci Walkden	Australia	Orange Choco	44680.00	"$11,116 "	432.00	18-12-2026	04:06
Marney O'Breen	Australia	Manuka Honey Choco	44656.00	"$13,076 "	236.00	19-12-2026	05:06
Kaine Padly	Canada	Manuka Honey Choco	44579.00	"$10,213 "	135.00	20-12-2026	06:06
Jehu Rudeforth	UK	Baker's Choco Chips	44697.00	"$2,485 "	97.00	21-12-2026	07:06
Kelci Walkden	Australia	White Choc	44797.00	"$8,715 "	168.00	22-12-2026	08:06
Curtice Advani	India	85% Dark Bars	44579.00	$273 	402.00	23-12-2026	09:06
Kaine Padly	USA	Eclairs	44795.00	"$7,623 "	10.00	24-12-2026	10:06
Gunar Cockshoot	UK	99% Dark & Pure	44627.00	$7 	84.00	25-12-2026	11:06
Beverie Moffet	UK	Choco Coated Almonds	44624.00	"$3,010 "	69.00	26-12-2026	12:06
Dotty Strutley	Canada	Manuka Honey Choco	44673.00	"$11,550 "	111.00	27-12-2026	13:06
Kaine Padly	Australia	Milk Bars	44721.00	"$4,046 "	89.00	28-12-2026	14:06
Jan Morforth	Canada	Fruit & Nut Bars	44767.00	"$8,904 "	199.00	29-12-2026	15:06
Jan Morforth	India	Smooth Sliky Salty	44776.00	"$11,298 "	89.00	30-12-2026	16:06
Rafaelita Blaksland	Australia	Manuka Honey Choco	44776.00	"$4,396 "	131.00	31-12-2026	17:06
Jehu Rudeforth	UK	Milk Bars	44684.00	"$12,068 "	227.00	01-01-2027	18:06
Husein Augar	Canada	After Nines	44580.00	"$9,772 "	301.00	02-01-2027	19:06
Roddy Speechley	USA	50% Dark Bites	44603.00	"$10,458 "	316.00	03-01-2027	20:06
Van Tuxwell	India	Almond Choco	44726.00	"$6,426 "	390.00	04-01-2027	21:06
Kelci Walkden	USA	50% Dark Bites	44643.00	"$6,188 "	223.00	05-01-2027	22:06
Madelene Upcott	Canada	85% Dark Bars	44609.00	"$7,504 "	101.00	06-01-2027	23:06
Dennison Crosswaite	Canada	Smooth Sliky Salty	44637.00	"$1,750 "	479.00	07-01-2027	00:06
Mallorie Waber	Australia	Spicy Special Slims	44741.00	"$5,439 "	287.00	08-01-2027	01:06
Ches Bonnell	Canada	Choco Coated Almonds	44797.00	"$15,547 "	269.00	09-01-2027	02:06
Gigi Bohling	Canada	Spicy Special Slims	44746.00	"$11,956 "	277.00	10-01-2027	03:06
Roddy Speechley	New Zealand	Almond Choco	44648.00	"$2,723 "	67.00	11-01-2027	04:06
Curtice Advani	India	Smooth Sliky Salty	44670.00	"$19,327 "	135.00	12-01-2027	05:06
Ches Bonnell	New Zealand	Mint Chip Choco	44579.00	"$9,058 "	229.00	13-01-2027	06:06
Van Tuxwell	New Zealand	Fruit & Nut Bars	44578.00	"$2,996 "	88.00	14-01-2027	07:06
Andria Kimpton	New Zealand	Mint Chip Choco	44607.00	"$8,848 "	211.00	15-01-2027	08:06
Andria Kimpton	UK	Milk Bars	44603.00	"$14,336 "	293.00	16-01-2027	09:06
Camilla Castle	USA	Manuka Honey Choco	44641.00	"$16,401 "	179.00	17-01-2027	10:06
Gunar Cockshoot	New Zealand	Almond Choco	44566.00	"$5,173 "	129.00	18-01-2027	11:06
Brien Boise	India	Raspberry Choco	44711.00	"$6,328 "	164.00	19-01-2027	12:06
Jehu Rudeforth	USA	99% Dark & Pure	44565.00	"$2,534 "	219.00	20-01-2027	13:06
Beverie Moffet	Australia	Fruit & Nut Bars	44673.00	"$1,435 "	258.00	21-01-2027	14:06
Gigi Bohling	Canada	Milk Bars	44602.00	"$3,052 "	116.00	22-01-2027	15:06
Dotty Strutley	India	Spicy Special Slims	44785.00	$910 	204.00	23-01-2027	16:06
Gunar Cockshoot	USA	Organic Choco Syrup	44783.00	"$2,331 "	321.00	24-01-2027	17:06
Kelci Walkden	Australia	Raspberry Choco	44719.00	$679 	56.00	25-01-2027	18:06
Jehu Rudeforth	India	Baker's Choco Chips	44718.00	"$2,086 "	74.00	26-01-2027	19:06
Karlen McCaffrey	New Zealand	Baker's Choco Chips	44656.00	"$5,012 "	189.00	27-01-2027	20:06
Wilone O'Kielt	USA	50% Dark Bites	44669.00	"$4,501 "	131.00	28-01-2027	21:06
Andria Kimpton	India	50% Dark Bites	44592.00	"$13,482 "	15.00	29-01-2027	22:06
Madelene Upcott	USA	Baker's Choco Chips	44795.00	"$5,621 "	140.00	30-01-2027	23:06
Jehu Rudeforth	Australia	99% Dark & Pure	44617.00	"$10,486 "	198.00	31-01-2027	00:06
Jan Morforth	Australia	Mint Chip Choco	44614.00	"$17,626 "	103.00	01-02-2027	01:06
Oby Sorrel	New Zealand	Milk Bars	44573.00	"$4,494 "	187.00	02-02-2027	02:06
Brien Boise	UK	Almond Choco	44706.00	$105 	125.00	03-02-2027	03:06
Kelci Walkden	India	Smooth Sliky Salty	44593.00	"$2,464 "	8.00	04-02-2027	04:06
Rafaelita Blaksland	UK	Eclairs	44678.00	"$1,379 "	70.00	05-02-2027	05:06
Gigi Bohling	USA	Smooth Sliky Salty	44764.00	"$2,583 "	126.00	06-02-2027	06:06
Curtice Advani	New Zealand	Mint Chip Choco	44587.00	"$3,220 "	265.00	07-02-2027	07:06
Curtice Advani	USA	Mint Chip Choco	44797.00	"$4,802 "	296.00	08-02-2027	08:06
Madelene Upcott	New Zealand	Fruit & Nut Bars	44579.00	"$5,677 "	21.00	09-02-2027	09:06
Karlen McCaffrey	India	85% Dark Bars	44650.00	$945 	83.00	10-02-2027	10:06
Ches Bonnell	Australia	Caramel Stuffed Bars	44578.00	"$8,757 "	162.00	11-02-2027	11:06
Kelci Walkden	USA	Fruit & Nut Bars	44609.00	"$4,816 "	145.00	12-02-2027	12:06
Kelci Walkden	Canada	Peanut Butter Cubes	44659.00	"$7,532 "	44.00	13-02-2027	13:06
Gigi Bohling	Canada	Drinking Coco	44748.00	"$3,549 "	82.00	14-02-2027	14:06
Husein Augar	India	Fruit & Nut Bars	44655.00	"$4,340 "	226.00	15-02-2027	15:06
Jan Morforth	New Zealand	Organic Choco Syrup	44622.00	"$1,799 "	207.00	16-02-2027	16:06
Gigi Bohling	New Zealand	Raspberry Choco	44782.00	"$1,127 "	176.00	17-02-2027	17:06
Dennison Crosswaite	Australia	Milk Bars	44721.00	"$10,038 "	286.00	18-02-2027	18:06
Ches Bonnell	UK	Caramel Stuffed Bars	44714.00	"$2,926 "	300.00	19-02-2027	19:06
Van Tuxwell	USA	Fruit & Nut Bars	44747.00	"$6,279 "	235.00	20-02-2027	20:06
Andria Kimpton	Canada	Eclairs	44784.00	$308 	125.00	21-02-2027	21:06
Madelene Upcott	India	Choco Coated Almonds	44603.00	"$3,500 "	145.00	22-02-2027	22:06
Kelci Walkden	New Zealand	Spicy Special Slims	44784.00	$658 	65.00	23-02-2027	23:06
Roddy Speechley	Australia	Drinking Coco	44693.00	"$12,565 "	102.00	24-02-2027	00:06
Wilone O'Kielt	USA	Milk Bars	44757.00	"$5,012 "	93.00	25-02-2027	01:06
Andria Kimpton	India	Organic Choco Syrup	44579.00	"$3,955 "	134.00	26-02-2027	02:06
Madelene Upcott	UK	Fruit & Nut Bars	44566.00	"$8,512 "	189.00	27-02-2027	03:06
Curtice Advani	Australia	50% Dark Bites	44741.00	$504 	232.00	28-02-2027	04:06
Brien Boise	Canada	Raspberry Choco	44726.00	"$2,800 "	45.00	01-03-2027	05:06
Gunar Cockshoot	India	Mint Chip Choco	44781.00	"$4,256 "	67.00	02-03-2027	06:06
Dennison Crosswaite	India	Mint Chip Choco	44643.00	"$13,573 "	138.00	03-03-2027	07:06
Barr Faughny	India	Caramel Stuffed Bars	44565.00	"$6,566 "	99.00	04-03-2027	08:06
Brien Boise	India	Milk Bars	44614.00	"$13,503 "	251.00	05-03-2027	09:06
Beverie Moffet	UK	Spicy Special Slims	44609.00	"$8,680 "	252.00	06-03-2027	10:06
Barr Faughny	USA	Almond Choco	44595.00	$385 	78.00	07-03-2027	11:06
Van Tuxwell	Canada	Raspberry Choco	44637.00	"$1,267 "	130.00	08-03-2027	12:06
Wilone O'Kielt	Australia	Baker's Choco Chips	44586.00	"$2,961 "	154.00	09-03-2027	13:06
Brien Boise	Australia	Milk Bars	44769.00	"$1,981 "	52.00	10-03-2027	14:06
Husein Augar	Australia	Fruit & Nut Bars	44589.00	"$7,959 "	53.00	11-03-2027	15:06
Madelene Upcott	Australia	Organic Choco Syrup	44747.00	"$10,794 "	50.00	12-03-2027	16:06
Van Tuxwell	India	White Choc	44635.00	"$1,897 "	44.00	13-03-2027	17:06
Gunar Cockshoot	Canada	After Nines	44777.00	"$2,744 "	200.00	14-03-2027	18:06
Jan Morforth	USA	Fruit & Nut Bars	44739.00	"$4,382 "	361.00	15-03-2027	19:06
Jan Morforth	Canada	After Nines	44755.00	"$4,515 "	172.00	16-03-2027	20:06
Barr Faughny	New Zealand	Manuka Honey Choco	44616.00	"$5,474 "	239.00	17-03-2027	21:06
Karlen McCaffrey	New Zealand	85% Dark Bars	44740.00	"$6,069 "	55.00	18-03-2027	22:06
Oby Sorrel	Australia	85% Dark Bars	44742.00	"$6,944 "	27.00	19-03-2027	23:06
Curtice Advani	Canada	Choco Coated Almonds	44791.00	"$5,859 "	7.00	20-03-2027	00:06
Kaine Padly	India	70% Dark Bites	44585.00	"$12,173 "	301.00	21-03-2027	01:06
Beverie Moffet	USA	White Choc	44631.00	"$5,292 "	134.00	22-03-2027	02:06
Ches Bonnell	New Zealand	After Nines	44735.00	"$5,705 "	350.00	23-03-2027	03:06
Husein Augar	India	Spicy Special Slims	44795.00	"$2,492 "	33.00	24-03-2027	04:06
Gunar Cockshoot	Canada	50% Dark Bites	44565.00	"$3,024 "	23.00	25-03-2027	05:06
Curtice Advani	India	Milk Bars	44656.00	"$3,437 "	201.00	26-03-2027	06:06
Beverie Moffet	India	Milk Bars	44666.00	"$1,869 "	323.00	27-03-2027	07:06
Husein Augar	Australia	White Choc	44692.00	"$3,171 "	220.00	28-03-2027	08:06
Andria Kimpton	Canada	Manuka Honey Choco	44763.00	"$4,858 "	488.00	29-03-2027	09:06
Jan Morforth	New Zealand	Orange Choco	44603.00	"$1,225 "	84.00	30-03-2027	10:06
Andria Kimpton	Canada	Smooth Sliky Salty	44750.00	"$1,155 "	79.00	31-03-2027	11:06
Gunar Cockshoot	UK	Raspberry Choco	44784.00	"$6,811 "	344.00	01-04-2027	12:06
Husein Augar	New Zealand	After Nines	44777.00	"$6,433 "	7.00	02-04-2027	13:06
Andria Kimpton	New Zealand	Orange Choco	44726.00	"$8,169 "	88.00	03-04-2027	14:06
Dennison Crosswaite	UK	Baker's Choco Chips	44578.00	"$2,275 "	275.00	04-04-2027	15:06
Jehu Rudeforth	Canada	Orange Choco	44735.00	"$3,857 "	512.00	05-04-2027	16:06
Jehu Rudeforth	UK	Smooth Sliky Salty	44797.00	"$1,463 "	113.00	06-04-2027	17:06
Andria Kimpton	UK	Caramel Stuffed Bars	44719.00	"$7,924 "	275.00	07-04-2027	18:06
Jan Morforth	UK	White Choc	44734.00	"$8,799 "	47.00	08-04-2027	19:06
Dotty Strutley	USA	Fruit & Nut Bars	44755.00	"$2,898 "	276.00	09-04-2027	20:06
Kelci Walkden	UK	Choco Coated Almonds	44705.00	"$9,506 "	212.00	10-04-2027	21:06
Gunar Cockshoot	New Zealand	After Nines	44782.00	"$7,175 "	145.00	11-04-2027	22:06
Kaine Padly	Canada	85% Dark Bars	44657.00	"$1,729 "	31.00	12-04-2027	23:06
Jan Morforth	New Zealand	Manuka Honey Choco	44770.00	"$1,589 "	271.00	13-04-2027	00:06
Gunar Cockshoot	New Zealand	Raspberry Choco	44797.00	$630 	52.00	14-04-2027	01:06
Van Tuxwell	Australia	99% Dark & Pure	44578.00	$112 	128.00	15-04-2027	02:06
Curtice Advani	USA	Drinking Coco	44599.00	"$5,187 "	142.00	16-04-2027	03:06
Brien Boise	Australia	Spicy Special Slims	44690.00	"$6,223 "	256.00	17-04-2027	04:06
Mallorie Waber	New Zealand	85% Dark Bars	44718.00	"$7,714 "	106.00	18-04-2027	05:06
Wilone O'Kielt	USA	Choco Coated Almonds	44718.00	"$9,457 "	6.00	19-04-2027	06:06
Beverie Moffet	New Zealand	Organic Choco Syrup	44705.00	"$6,678 "	226.00	20-04-2027	07:06
Gunar Cockshoot	UK	50% Dark Bites	44574.00	"$2,107 "	121.00	21-04-2027	08:06
Marney O'Breen	USA	Raspberry Choco	44704.00	"$6,069 "	151.00	22-04-2027	09:06
Jehu Rudeforth	UK	White Choc	44741.00	"$1,862 "	284.00	23-04-2027	10:06
Jehu Rudeforth	New Zealand	85% Dark Bars	44631.00	"$6,972 "	89.00	24-04-2027	11:06
Dotty Strutley	USA	85% Dark Bars	44676.00	"$10,220 "	508.00	25-04-2027	12:06
Rafaelita Blaksland	Australia	Smooth Sliky Salty	44711.00	"$3,969 "	243.00	26-04-2027	13:06
Curtice Advani	India	Manuka Honey Choco	44704.00	"$1,547 "	170.00	27-04-2027	14:06
Mallorie Waber	USA	Peanut Butter Cubes	44704.00	"$1,162 "	18.00	28-04-2027	15:06
Van Tuxwell	Canada	Peanut Butter Cubes	44736.00	"$6,342 "	282.00	29-04-2027	16:06
Kelci Walkden	New Zealand	Smooth Sliky Salty	44631.00	"$10,633 "	277.00	30-04-2027	17:06
Rafaelita Blaksland	USA	Smooth Sliky Salty	44769.00	"$15,057 "	212.00	01-05-2027	18:06
Rafaelita Blaksland	USA	White Choc	44789.00	"$4,704 "	126.00	02-05-2027	19:06
Roddy Speechley	Canada	Smooth Sliky Salty	44627.00	"$9,338 "	11.00	03-05-2027	20:06
Curtice Advani	New Zealand	After Nines	44656.00	"$7,959 "	30.00	04-05-2027	21:06
Camilla Castle	India	85% Dark Bars	44685.00	"$9,023 "	51.00	05-05-2027	22:06
Ches Bonnell	USA	Choco Coated Almonds	44565.00	"$14,525 "	92.00	06-05-2027	23:06
Marney O'Breen	Australia	Baker's Choco Chips	44574.00	"$5,810 "	101.00	07-05-2027	00:06
Wilone O'Kielt	New Zealand	Fruit & Nut Bars	44753.00	"$6,426 "	98.00	08-05-2027	01:06
Kaine Padly	Australia	Mint Chip Choco	44698.00	"$4,403 "	159.00	09-05-2027	02:06
Camilla Castle	New Zealand	Peanut Butter Cubes	44763.00	"$1,582 "	62.00	10-05-2027	03:06
Curtice Advani	Canada	Organic Choco Syrup	44614.00	$791 	22.00	11-05-2027	04:06
Jan Morforth	India	99% Dark & Pure	44704.00	"$9,100 "	187.00	12-05-2027	05:06
Rafaelita Blaksland	Canada	Drinking Coco	44754.00	"$9,884 "	200.00	13-05-2027	06:06
Jan Morforth	UK	Orange Choco	44727.00	"$3,780 "	201.00	14-05-2027	07:06
Barr Faughny	New Zealand	50% Dark Bites	44735.00	"$4,557 "	308.00	15-05-2027	08:06
Curtice Advani	Australia	Eclairs	44645.00	"$5,796 "	55.00	16-05-2027	09:06
Jan Morforth	India	Caramel Stuffed Bars	44746.00	$84 	153.00	17-05-2027	10:06
Andria Kimpton	UK	White Choc	44693.00	"$9,037 "	101.00	18-05-2027	11:06
Camilla Castle	New Zealand	Raspberry Choco	44655.00	"$4,746 "	137.00	19-05-2027	12:06
Madelene Upcott	Australia	Orange Choco	44666.00	"$6,713 "	398.00	20-05-2027	13:06
Roddy Speechley	Canada	Eclairs	44628.00	"$6,237 "	88.00	21-05-2027	14:06
Karlen McCaffrey	India	White Choc	44578.00	"$7,483 "	232.00	22-05-2027	15:06
Wilone O'Kielt	India	Mint Chip Choco	44795.00	"$1,309 "	51.00	23-05-2027	16:06
Andria Kimpton	UK	99% Dark & Pure	44767.00	"$1,155 "	66.00	24-05-2027	17:06
Marney O'Breen	UK	50% Dark Bites	44726.00	"$2,989 "	124.00	25-05-2027	18:06
Ches Bonnell	India	Choco Coated Almonds	44656.00	"$9,625 "	78.00	26-05-2027	19:06
Madelene Upcott	UK	Raspberry Choco	44799.00	"$7,357 "	341.00	27-05-2027	20:06
Wilone O'Kielt	Australia	50% Dark Bites	44776.00	"$10,031 "	114.00	28-05-2027	21:06
Gigi Bohling	Canada	White Choc	44753.00	"$6,587 "	4.00	29-05-2027	22:06
Wilone O'Kielt	New Zealand	Eclairs	44631.00	"$3,311 "	22.00	30-05-2027	23:06
Brien Boise	UK	Peanut Butter Cubes	44571.00	"$15,330 "	30.00	31-05-2027	00:06
Roddy Speechley	UK	Baker's Choco Chips	44655.00	"$14,028 "	351.00	01-06-2027	01:06
Karlen McCaffrey	Australia	50% Dark Bites	44578.00	"$6,678 "	708.00	02-06-2027	02:06
Marney O'Breen	New Zealand	Organic Choco Syrup	44750.00	"$8,624 "	50.00	03-06-2027	03:06
Jan Morforth	UK	Organic Choco Syrup	44663.00	"$1,197 "	356.00	04-06-2027	04:06
Rafaelita Blaksland	Canada	Fruit & Nut Bars	44797.00	$483 	185.00	05-06-2027	05:06
Ches Bonnell	UK	Choco Coated Almonds	44719.00	"$1,687 "	236.00	06-06-2027	06:06
Gunar Cockshoot	Canada	Almond Choco	44770.00	"$1,309 "	30.00	07-06-2027	07:06
Husein Augar	USA	99% Dark & Pure	44613.00	"$9,534 "	111.00	08-06-2027	08:06
Dennison Crosswaite	Canada	Mint Chip Choco	44659.00	"$1,694 "	289.00	09-06-2027	09:06
Brien Boise	UK	Manuka Honey Choco	44740.00	$70 	103.00	10-06-2027	10:06
Van Tuxwell	UK	Baker's Choco Chips	44644.00	"$2,443 "	20.00	11-06-2027	11:06
Barr Faughny	Australia	Caramel Stuffed Bars	44771.00	"$2,933 "	55.00	12-06-2027	12:06
Dennison Crosswaite	USA	Eclairs	44706.00	"$2,044 "	90.00	13-06-2027	13:06
Gigi Bohling	Australia	Raspberry Choco	44650.00	"$6,524 "	303.00	14-06-2027	14:06
Dennison Crosswaite	USA	Organic Choco Syrup	44760.00	"$12,656 "	126.00	15-06-2027	15:06
Beverie Moffet	Canada	Orange Choco	44691.00	"$8,722 "	109.00	16-06-2027	16:06
Mallorie Waber	Australia	Choco Coated Almonds	44638.00	"$15,750 "	92.00	17-06-2027	17:06
Ches Bonnell	India	Caramel Stuffed Bars	44727.00	"$6,839 "	56.00	18-06-2027	18:06
Van Tuxwell	Canada	50% Dark Bites	44693.00	"$13,685 "	58.00	19-06-2027	19:06
Kelci Walkden	New Zealand	Baker's Choco Chips	44735.00	"$2,912 "	110.00	20-06-2027	20:06
Beverie Moffet	India	Spicy Special Slims	44672.00	"$3,339 "	171.00	21-06-2027	21:06
Gigi Bohling	Australia	Almond Choco	44790.00	$910 	117.00	22-06-2027	22:06
Rafaelita Blaksland	New Zealand	Eclairs	44599.00	"$19,481 "	51.00	23-06-2027	23:06
Kelci Walkden	Canada	Smooth Sliky Salty	44637.00	"$8,099 "	118.00	24-06-2027	00:06
Jan Morforth	India	Baker's Choco Chips	44774.00	"$13,727 "	79.00	25-06-2027	01:06
Jehu Rudeforth	Australia	Milk Bars	44638.00	"$8,659 "	29.00	26-06-2027	02:06
Gigi Bohling	Canada	Fruit & Nut Bars	44726.00	"$5,782 "	103.00	27-06-2027	03:06
Beverie Moffet	UK	Eclairs	44673.00	"$8,463 "	155.00	28-06-2027	04:06
Marney O'Breen	New Zealand	Eclairs	44579.00	"$4,914 "	31.00	29-06-2027	05:06
Husein Augar	Australia	99% Dark & Pure	44799.00	"$3,087 "	128.00	30-06-2027	06:06
Gunar Cockshoot	New Zealand	Fruit & Nut Bars	44722.00	"$9,205 "	419.00	01-07-2027	07:06
Curtice Advani	Canada	70% Dark Bites	44592.00	"$2,303 "	7.00	02-07-2027	08:06
Kelci Walkden	New Zealand	Manuka Honey Choco	44659.00	"$1,358 "	106.00	03-07-2027	09:06
Dotty Strutley	Australia	Baker's Choco Chips	44719.00	"$3,605 "	68.00	04-07-2027	10:06
Barr Faughny	Australia	85% Dark Bars	44602.00	"$8,498 "	44.00	05-07-2027	11:06
Beverie Moffet	Australia	50% Dark Bites	44697.00	$700 	457.00	06-07-2027	12:06
Gunar Cockshoot	India	Baker's Choco Chips	44638.00	"$2,191 "	524.00	07-07-2027	13:06
Van Tuxwell	Australia	50% Dark Bites	44755.00	$644 	137.00	08-07-2027	14:06
Oby Sorrel	USA	Manuka Honey Choco	44767.00	"$4,340 "	86.00	09-07-2027	15:06
Van Tuxwell	Canada	Choco Coated Almonds	44792.00	"$2,282 "	296.00	10-07-2027	16:06
Karlen McCaffrey	Canada	70% Dark Bites	44736.00	"$7,714 "	597.00	11-07-2027	17:06
Kelci Walkden	Canada	Fruit & Nut Bars	44732.00	$826 	149.00	12-07-2027	18:06
Camilla Castle	India	99% Dark & Pure	44775.00	$203 	207.00	13-07-2027	19:06
Madelene Upcott	New Zealand	70% Dark Bites	44614.00	"$13,356 "	93.00	14-07-2027	20:06
Mallorie Waber	New Zealand	Orange Choco	44593.00	"$6,510 "	23.00	15-07-2027	21:06
Jan Morforth	Canada	70% Dark Bites	44606.00	"$5,894 "	305.00	16-07-2027	22:06
Kelci Walkden	Australia	Milk Bars	44616.00	"$7,910 "	125.00	17-07-2027	23:06
Dennison Crosswaite	India	Orange Choco	44638.00	$784 	129.00	18-07-2027	00:06
Husein Augar	UK	Eclairs	44803.00	"$1,750 "	252.00	19-07-2027	01:06
Gigi Bohling	USA	Peanut Butter Cubes	44690.00	$280 	75.00	20-07-2027	02:06
Wilone O'Kielt	USA	Smooth Sliky Salty	44579.00	$504 	87.00	21-07-2027	03:06
Curtice Advani	India	White Choc	44746.00	"$7,154 "	342.00	22-07-2027	04:06
Oby Sorrel	New Zealand	Spicy Special Slims	44715.00	"$1,617 "	13.00	23-07-2027	05:06
Beverie Moffet	New Zealand	Peanut Butter Cubes	44615.00	"$10,822 "	30.00	24-07-2027	06:06
Dotty Strutley	New Zealand	99% Dark & Pure	44690.00	"$10,724 "	203.00	25-07-2027	07:06
Kelci Walkden	India	70% Dark Bites	44718.00	"$3,640 "	106.00	26-07-2027	08:06
Kelci Walkden	India	Drinking Coco	44746.00	"$7,532 "	234.00	27-07-2027	09:06
Brien Boise	New Zealand	Drinking Coco	44718.00	"$1,582 "	100.00	28-07-2027	10:06
Dotty Strutley	Australia	Almond Choco	44694.00	"$1,456 "	91.00	29-07-2027	11:06
Wilone O'Kielt	New Zealand	Organic Choco Syrup	44592.00	"$2,016 "	277.00	30-07-2027	12:06
Ches Bonnell	New Zealand	Caramel Stuffed Bars	44742.00	"$7,588 "	42.00	31-07-2027	13:06
Barr Faughny	Canada	Manuka Honey Choco	44798.00	"$3,402 "	249.00	01-08-2027	14:06
Gigi Bohling	New Zealand	Smooth Sliky Salty	44571.00	$700 	97.00	02-08-2027	15:06
Brien Boise	USA	Manuka Honey Choco	44795.00	"$1,904 "	8.00	03-08-2027	16:06
Roddy Speechley	New Zealand	85% Dark Bars	44665.00	"$4,844 "	275.00	04-08-2027	17:06
Oby Sorrel	UK	Smooth Sliky Salty	44712.00	"$9,625 "	313.00	05-08-2027	18:06
Oby Sorrel	UK	Raspberry Choco	44659.00	"$4,599 "	323.00	06-08-2027	19:06
Roddy Speechley	USA	Drinking Coco	44613.00	"$3,003 "	155.00	07-08-2027	20:06
Andria Kimpton	Australia	Manuka Honey Choco	44650.00	"$9,744 "	377.00	08-08-2027	21:06
Mallorie Waber	India	Raspberry Choco	44622.00	"$1,400 "	2.00	09-08-2027	22:06
Jehu Rudeforth	USA	Orange Choco	44770.00	$364 	170.00	10-08-2027	23:06
Kaine Padly	New Zealand	70% Dark Bites	44644.00	"$7,231 "	38.00	11-08-2027	00:06
Curtice Advani	Australia	After Nines	44784.00	$63 	105.00	12-08-2027	01:06
Husein Augar	UK	Almond Choco	44698.00	"$8,309 "	166.00	13-08-2027	02:06
Kaine Padly	Canada	Choco Coated Almonds	44699.00	"$3,164 "	164.00	14-08-2027	03:06
Roddy Speechley	UK	Peanut Butter Cubes	44790.00	"$5,691 "	171.00	15-08-2027	04:06
Ches Bonnell	New Zealand	Eclairs	44655.00	$490 	49.00	16-08-2027	05:06
Brien Boise	India	85% Dark Bars	44782.00	"$18,032 "	205.00	17-08-2027	06:06
Brien Boise	New Zealand	Organic Choco Syrup	44578.00	$637 	313.00	18-08-2027	07:06
Andria Kimpton	Canada	White Choc	44606.00	"$4,067 "	29.00	19-08-2027	08:06
Gigi Bohling	New Zealand	Orange Choco	44697.00	"$8,204 "	307.00	20-08-2027	09:06
Ches Bonnell	Canada	Smooth Sliky Salty	44636.00	"$9,870 "	121.00	21-08-2027	10:06
Husein Augar	Canada	70% Dark Bites	44592.00	"$5,131 "	285.00	22-08-2027	11:06
Barr Faughny	Canada	Organic Choco Syrup	44630.00	"$1,141 "	205.00	23-08-2027	12:06
Oby Sorrel	UK	Organic Choco Syrup	44742.00	"$7,980 "	157.00	24-08-2027	13:06
Van Tuxwell	New Zealand	Eclairs	44621.00	"$5,229 "	182.00	25-08-2027	14:06
Mallorie Waber	UK	Drinking Coco	44708.00	"$3,423 "	100.00	26-08-2027	15:06
Oby Sorrel	UK	Milk Bars	44753.00	"$6,468 "	223.00	27-08-2027	16:06
Karlen McCaffrey	New Zealand	Mint Chip Choco	44622.00	"$4,326 "	61.00	28-08-2027	17:06
Jehu Rudeforth	USA	Raspberry Choco	44624.00	"$7,154 "	133.00	29-08-2027	18:06
Kelci Walkden	UK	85% Dark Bars	44735.00	"$3,997 "	228.00	30-08-2027	19:06
Kelci Walkden	USA	Almond Choco	44588.00	"$5,180 "	233.00	31-08-2027	20:06
Marney O'Breen	Canada	Orange Choco	44575.00	"$2,723 "	425.00	01-09-2027	21:06
Dennison Crosswaite	India	Fruit & Nut Bars	44771.00	$952 	24.00	02-09-2027	22:06
Brien Boise	Canada	Smooth Sliky Salty	44694.00	"$5,691 "	495.00	03-09-2027	23:06
Barr Faughny	Canada	Baker's Choco Chips	44595.00	"$10,969 "	170.00	04-09-2027	00:06
Brien Boise	India	Smooth Sliky Salty	44708.00	"$5,964 "	26.00	05-09-2027	01:06
Jan Morforth	Australia	Drinking Coco	44610.00	"$2,821 "	24.00	06-09-2027	02:06
Brien Boise	India	Spicy Special Slims	44589.00	"$1,302 "	33.00	07-09-2027	03:06
Van Tuxwell	UK	Eclairs	44741.00	"$5,474 "	109.00	08-09-2027	04:06
Wilone O'Kielt	India	Caramel Stuffed Bars	44574.00	"$4,179 "	276.00	09-09-2027	05:06
Jehu Rudeforth	UK	After Nines	44739.00	"$1,946 "	164.00	10-09-2027	06:06
Barr Faughny	Canada	White Choc	44649.00	"$4,291 "	1.00	11-09-2027	07:06
Gunar Cockshoot	India	Organic Choco Syrup	44715.00	"$7,196 "	160.00	12-09-2027	08:06
Mallorie Waber	Canada	Smooth Sliky Salty	44641.00	"$1,939 "	98.00	13-09-2027	09:06
Mallorie Waber	India	Eclairs	44663.00	"$10,437 "	46.00	14-09-2027	10:06
Rafaelita Blaksland	Australia	Raspberry Choco	44580.00	"$6,916 "	259.00	15-09-2027	11:06
Karlen McCaffrey	UK	50% Dark Bites	44657.00	"$3,647 "	310.00	16-09-2027	12:06
Kaine Padly	Australia	50% Dark Bites	44775.00	"$8,995 "	78.00	17-09-2027	13:06
Gigi Bohling	Australia	Eclairs	44663.00	"$7,252 "	136.00	18-09-2027	14:06
Oby Sorrel	India	Drinking Coco	44763.00	"$16,380 "	130.00	19-09-2027	15:06
Van Tuxwell	New Zealand	Baker's Choco Chips	44642.00	"$9,660 "	24.00	20-09-2027	16:06
Husein Augar	India	Peanut Butter Cubes	44690.00	"$4,522 "	5.00	21-09-2027	17:06
Andria Kimpton	Australia	Baker's Choco Chips	44782.00	$329 	109.00	22-09-2027	18:06
Madelene Upcott	Canada	Choco Coated Almonds	44762.00	"$3,458 "	294.00	23-09-2027	19:06
Brien Boise	India	70% Dark Bites	44665.00	"$4,641 "	413.00	24-09-2027	20:06
Jehu Rudeforth	Canada	White Choc	44586.00	"$4,627 "	136.00	25-09-2027	21:06
Andria Kimpton	Australia	Almond Choco	44676.00	"$3,192 "	175.00	26-09-2027	22:06
Dotty Strutley	Canada	After Nines	44578.00	$252 	237.00	27-09-2027	23:06
Karlen McCaffrey	USA	Eclairs	44788.00	$868 	125.00	28-09-2027	00:06
Karlen McCaffrey	Canada	Fruit & Nut Bars	44714.00	$210 	16.00	29-09-2027	01:06
Gunar Cockshoot	USA	85% Dark Bars	44742.00	"$7,007 "	135.00	30-09-2027	02:06
Dotty Strutley	New Zealand	Raspberry Choco	44602.00	"$5,845 "	91.00	01-10-2027	03:06
Marney O'Breen	Canada	Caramel Stuffed Bars	44615.00	"$1,372 "	614.00	02-10-2027	04:06
Dennison Crosswaite	India	Organic Choco Syrup	44588.00	"$8,428 "	216.00	03-10-2027	05:06
Camilla Castle	UK	Mint Chip Choco	44707.00	"$4,977 "	317.00	04-10-2027	06:06
Brien Boise	USA	70% Dark Bites	44665.00	"$1,694 "	21.00	05-10-2027	07:06
Madelene Upcott	Australia	99% Dark & Pure	44774.00	"$4,326 "	154.00	06-10-2027	08:06
Mallorie Waber	Australia	Eclairs	44795.00	"$9,527 "	222.00	07-10-2027	09:06
Marney O'Breen	India	99% Dark & Pure	44764.00	"$10,766 "	157.00	08-10-2027	10:06
Husein Augar	USA	Fruit & Nut Bars	44679.00	"$1,288 "	27.00	09-10-2027	11:06
Kelci Walkden	Australia	Almond Choco	44711.00	"$4,879 "	350.00	10-10-2027	12:06
Ches Bonnell	USA	Milk Bars	44763.00	"$2,408 "	157.00	11-10-2027	13:06
Jan Morforth	UK	Caramel Stuffed Bars	44775.00	"$3,094 "	468.00	12-10-2027	14:06
Brien Boise	New Zealand	70% Dark Bites	44727.00	"$7,231 "	130.00	13-10-2027	15:06
Oby Sorrel	India	85% Dark Bars	44747.00	"$8,981 "	130.00	14-10-2027	16:06
Kaine Padly	New Zealand	Smooth Sliky Salty	44663.00	$7 	518.00	15-10-2027	17:06
Gigi Bohling	Australia	70% Dark Bites	44791.00	"$1,372 "	105.00	16-10-2027	18:06
Jan Morforth	UK	50% Dark Bites	44573.00	"$5,250 "	293.00	17-10-2027	19:06
Gunar Cockshoot	Canada	White Choc	44784.00	"$7,560 "	15.00	18-10-2027	20:06
Jehu Rudeforth	Australia	Spicy Special Slims	44574.00	"$5,012 "	384.00	19-10-2027	21:06
Husein Augar	UK	Baker's Choco Chips	44680.00	"$3,038 "	135.00	20-10-2027	22:06
Rafaelita Blaksland	New Zealand	After Nines	44749.00	"$1,099 "	92.00	21-10-2027	23:06
Madelene Upcott	New Zealand	Mint Chip Choco	44631.00	"$7,413 "	4.00	22-10-2027	00:06
Madelene Upcott	UK	70% Dark Bites	44608.00	"$5,397 "	239.00	23-10-2027	01:06
Barr Faughny	Australia	Organic Choco Syrup	44568.00	"$2,303 "	33.00	24-10-2027	02:06
Beverie Moffet	New Zealand	Drinking Coco	44573.00	"$1,141 "	518.00	25-10-2027	03:06
Beverie Moffet	India	Eclairs	44721.00	"$10,325 "	147.00	26-10-2027	04:06
Andria Kimpton	India	Eclairs	44697.00	"$2,149 "	84.00	27-10-2027	05:06
Gigi Bohling	UK	85% Dark Bars	44735.00	"$12,362 "	94.00	28-10-2027	06:06
Roddy Speechley	UK	Raspberry Choco	44589.00	"$12,635 "	194.00	29-10-2027	07:06
Dotty Strutley	UK	Mint Chip Choco	44756.00	"$2,443 "	216.00	30-10-2027	08:06
Barr Faughny	Canada	Drinking Coco	44669.00	"$6,237 "	247.00	31-10-2027	09:06
Oby Sorrel	USA	Milk Bars	44726.00	"$1,736 "	79.00	01-11-2027	10:06
Oby Sorrel	UK	Orange Choco	44666.00	"$7,315 "	237.00	02-11-2027	11:06
Curtice Advani	Canada	Peanut Butter Cubes	44700.00	"$4,935 "	63.00	03-11-2027	12:06
Gigi Bohling	India	White Choc	44664.00	"$1,393 "	172.00	04-11-2027	13:06
Husein Augar	Canada	Choco Coated Almonds	44788.00	"$3,381 "	408.00	05-11-2027	14:06
Wilone O'Kielt	India	Choco Coated Almonds	44795.00	"$2,933 "	233.00	06-11-2027	15:06
Wilone O'Kielt	New Zealand	Baker's Choco Chips	44673.00	"$3,836 "	59.00	07-11-2027	16:06
Kaine Padly	UK	Choco Coated Almonds	44776.00	"$8,022 "	123.00	08-11-2027	17:06
Dennison Crosswaite	New Zealand	Organic Choco Syrup	44565.00	$371 	229.00	09-11-2027	18:06
Kelci Walkden	Canada	After Nines	44574.00	"$16,702 "	198.00	10-11-2027	19:06
Van Tuxwell	Australia	Baker's Choco Chips	44692.00	"$13,258 "	32.00	11-11-2027	20:06
Husein Augar	New Zealand	Peanut Butter Cubes	44608.00	"$2,058 "	236.00	12-11-2027	21:06
Kaine Padly	UK	Caramel Stuffed Bars	44701.00	"$10,192 "	67.00	13-11-2027	22:06
Jehu Rudeforth	UK	Drinking Coco	44595.00	"$7,140 "	438.00	14-11-2027	23:06
Beverie Moffet	India	Manuka Honey Choco	44687.00	"$9,835 "	167.00	15-11-2027	00:06
Gunar Cockshoot	UK	Choco Coated Almonds	44742.00	"$5,775 "	135.00	16-11-2027	01:06
Gunar Cockshoot	UK	Smooth Sliky Salty	44642.00	$749 	148.00	17-11-2027	02:06
Camilla Castle	Canada	Orange Choco	44609.00	"$7,770 "	54.00	18-11-2027	03:06
Jehu Rudeforth	UK	85% Dark Bars	44749.00	"$5,502 "	64.00	19-11-2027	04:06
Oby Sorrel	UK	70% Dark Bites	44636.00	"$6,223 "	181.00	20-11-2027	05:06
Kelci Walkden	UK	99% Dark & Pure	44785.00	"$3,507 "	114.00	21-11-2027	06:06
Gigi Bohling	New Zealand	After Nines	44582.00	"$5,600 "	181.00	22-11-2027	07:06
Oby Sorrel	Australia	50% Dark Bites	44687.00	$721 	151.00	23-11-2027	08:06
Oby Sorrel	Canada	50% Dark Bites	44736.00	"$6,615 "	137.00	24-11-2027	09:06
Barr Faughny	USA	White Choc	44686.00	"$7,420 "	163.00	25-11-2027	10:06
Rafaelita Blaksland	New Zealand	99% Dark & Pure	44645.00	"$3,164 "	84.00	26-11-2027	11:06
Curtice Advani	Australia	Caramel Stuffed Bars	44606.00	"$9,114 "	140.00	27-11-2027	12:06
Curtice Advani	New Zealand	85% Dark Bars	44693.00	"$5,404 "	187.00	28-11-2027	13:06
Barr Faughny	New Zealand	Smooth Sliky Salty	44586.00	"$3,990 "	169.00	29-11-2027	14:06
Ches Bonnell	UK	85% Dark Bars	44740.00	"$14,924 "	12.00	30-11-2027	15:06
Dennison Crosswaite	Australia	Drinking Coco	44755.00	"$7,091 "	194.00	01-12-2027	16:06
Roddy Speechley	USA	Milk Bars	44697.00	"$2,807 "	252.00	02-12-2027	17:06
Jan Morforth	India	After Nines	44634.00	"$6,496 "	168.00	03-12-2027	18:06
Gunar Cockshoot	USA	After Nines	44788.00	"$3,738 "	261.00	04-12-2027	19:06
Ches Bonnell	India	Orange Choco	44608.00	"$1,190 "	256.00	05-12-2027	20:06
Mallorie Waber	UK	Manuka Honey Choco	44727.00	"$8,379 "	43.00	06-12-2027	21:06
Barr Faughny	Australia	Raspberry Choco	44708.00	"$9,268 "	100.00	07-12-2027	22:06
Wilone O'Kielt	USA	Drinking Coco	44726.00	"$1,029 "	98.00	08-12-2027	23:06
Wilone O'Kielt	India	Eclairs	44617.00	"$3,549 "	76.00	09-12-2027	00:06
Wilone O'Kielt	India	After Nines	44777.00	"$12,026 "	262.00	10-12-2027	01:06
Kelci Walkden	India	99% Dark & Pure	44740.00	"$2,303 "	244.00	11-12-2027	02:06
Gunar Cockshoot	Canada	Spicy Special Slims	44656.00	"$13,405 "	12.00	12-12-2027	03:06
Madelene Upcott	Canada	Peanut Butter Cubes	44747.00	"$14,763 "	113.00	13-12-2027	04:06
Kaine Padly	New Zealand	Eclairs	44581.00	"$12,894 "	48.00	14-12-2027	05:06
Ches Bonnell	New Zealand	Drinking Coco	44608.00	"$8,302 "	131.00	15-12-2027	06:06
Curtice Advani	UK	Drinking Coco	44754.00	$455 	174.00	16-12-2027	07:06
Kelci Walkden	India	Raspberry Choco	44728.00	"$8,183 "	254.00	17-12-2027	08:06
Dotty Strutley	Australia	Choco Coated Almonds	44664.00	"$1,645 "	284.00	18-12-2027	09:06
Kaine Padly	UK	50% Dark Bites	44613.00	"$3,143 "	67.00	19-12-2027	10:06
Roddy Speechley	Canada	Choco Coated Almonds	44692.00	"$5,873 "	249.00	20-12-2027	11:06
Ches Bonnell	India	50% Dark Bites	44666.00	"$11,298 "	313.00	21-12-2027	12:06
Oby Sorrel	Canada	Peanut Butter Cubes	44719.00	"$12,425 "	167.00	22-12-2027	13:06
Oby Sorrel	UK	White Choc	44739.00	"$1,715 "	286.00	23-12-2027	14:06
Barr Faughny	India	After Nines	44771.00	"$8,190 "	109.00	24-12-2027	15:06
Wilone O'Kielt	Canada	Smooth Sliky Salty	44714.00	"$4,991 "	166.00	25-12-2027	16:06
Rafaelita Blaksland	India	Mint Chip Choco	44587.00	"$15,491 "	85.00	26-12-2027	17:06
Rafaelita Blaksland	Canada	99% Dark & Pure	44622.00	"$5,096 "	142.00	27-12-2027	18:06
Van Tuxwell	Australia	70% Dark Bites	44571.00	"$7,063 "	104.00	28-12-2027	19:06
Beverie Moffet	USA	70% Dark Bites	44739.00	"$2,275 "	115.00	29-12-2027	20:06
Barr Faughny	Canada	Orange Choco	44742.00	"$7,602 "	18.00	30-12-2027	21:06
Roddy Speechley	Australia	85% Dark Bars	44750.00	"$4,200 "	80.00	31-12-2027	22:06
Oby Sorrel	India	Spicy Special Slims	44720.00	"$11,137 "	88.00	01-01-2028	23:06
Jan Morforth	UK	Manuka Honey Choco	44791.00	"$3,388 "	212.00	02-01-2028	00:06
Kaine Padly	Australia	After Nines	44659.00	"$6,832 "	306.00	03-01-2028	01:06
Wilone O'Kielt	Canada	Fruit & Nut Bars	44781.00	"$3,437 "	181.00	04-01-2028	02:06
Wilone O'Kielt	UK	Milk Bars	44799.00	$301 	65.00	05-01-2028	03:06
Oby Sorrel	Canada	Fruit & Nut Bars	44575.00	"$1,869 "	158.00	06-01-2028	04:06
Dennison Crosswaite	USA	Baker's Choco Chips	44784.00	"$17,465 "	271.00	07-01-2028	05:06
Madelene Upcott	USA	Almond Choco	44712.00	"$10,143 "	24.00	08-01-2028	06:06
Van Tuxwell	New Zealand	50% Dark Bites	44753.00	"$3,626 "	10.00	09-01-2028	07:06
Karlen McCaffrey	Canada	Caramel Stuffed Bars	44622.00	"$3,346 "	304.00	10-01-2028	08:06
Madelene Upcott	Australia	Raspberry Choco	44755.00	"$6,321 "	88.00	11-01-2028	09:06
Rafaelita Blaksland	UK	Spicy Special Slims	44776.00	"$9,345 "	133.00	12-01-2028	10:06
Curtice Advani	UK	Peanut Butter Cubes	44621.00	"$15,008 "	165.00	13-01-2028	11:06
Kelci Walkden	New Zealand	White Choc	44664.00	"$7,609 "	150.00	14-01-2028	12:06
Beverie Moffet	Canada	Fruit & Nut Bars	44606.00	"$10,332 "	180.00	15-01-2028	13:06
Mallorie Waber	India	White Choc	44768.00	$819 	213.00	16-01-2028	14:06
Brien Boise	UK	Drinking Coco	44588.00	"$5,754 "	133.00	17-01-2028	15:06
Jehu Rudeforth	India	Peanut Butter Cubes	44665.00	$28 	446.00	18-01-2028	16:06
Oby Sorrel	USA	Almond Choco	44700.00	"$6,440 "	141.00	19-01-2028	17:06
Husein Augar	India	Eclairs	44601.00	"$4,956 "	58.00	20-01-2028	18:06
Brien Boise	UK	Spicy Special Slims	44706.00	"$2,352 "	58.00	21-01-2028	19:06
Oby Sorrel	Australia	Manuka Honey Choco	44587.00	"$3,906 "	76.00	22-01-2028	20:06
Beverie Moffet	India	White Choc	44746.00	"$1,813 "	296.00	23-01-2028	21:06
Ches Bonnell	India	Almond Choco	44664.00	"$11,788 "	73.00	24-01-2028	22:06
Gigi Bohling	Australia	Smooth Sliky Salty	44586.00	"$5,768 "	119.00	25-01-2028	23:06
Camilla Castle	USA	85% Dark Bars	44676.00	"$2,401 "	78.00	26-01-2028	00:06
Camilla Castle	USA	Eclairs	44722.00	"$4,515 "	392.00	27-01-2028	01:06
Madelene Upcott	New Zealand	White Choc	44795.00	"$10,794 "	51.00	28-01-2028	02:06
Van Tuxwell	India	After Nines	44739.00	"$13,706 "	207.00	29-01-2028	03:06
Husein Augar	India	Orange Choco	44742.00	"$4,361 "	40.00	30-01-2028	04:06
Jehu Rudeforth	India	Almond Choco	44803.00	"$10,122 "	100.00	31-01-2028	05:06
Karlen McCaffrey	Australia	Raspberry Choco	44796.00	$994 	57.00	01-02-2028	06:06
Camilla Castle	New Zealand	99% Dark & Pure	44799.00	"$2,268 "	42.00	02-02-2028	07:06
Gigi Bohling	Australia	Orange Choco	44629.00	$574 	156.00	03-02-2028	08:06
Kelci Walkden	UK	Drinking Coco	44671.00	"$1,792 "	23.00	04-02-2028	09:06
Mallorie Waber	Canada	Caramel Stuffed Bars	44722.00	"$4,844 "	539.00	05-02-2028	10:06
Husein Augar	Australia	Organic Choco Syrup	44600.00	$938 	158.00	06-02-2028	11:06
Brien Boise	Australia	White Choc	44798.00	"$4,879 "	22.00	07-02-2028	12:06
Dotty Strutley	India	Peanut Butter Cubes	44608.00	"$9,107 "	73.00	08-02-2028	13:06
Dennison Crosswaite	UK	99% Dark & Pure	44711.00	"$12,187 "	27.00	09-02-2028	14:06
Gigi Bohling	New Zealand	50% Dark Bites	44741.00	"$5,670 "	64.00	10-02-2028	15:06
Gigi Bohling	USA	Milk Bars	44728.00	$476 	133.00	11-02-2028	16:06
Brien Boise	UK	Caramel Stuffed Bars	44624.00	"$2,681 "	149.00	12-02-2028	17:06
Curtice Advani	New Zealand	Peanut Butter Cubes	44635.00	"$1,533 "	434.00	13-02-2028	18:06
Curtice Advani	New Zealand	50% Dark Bites	44588.00	"$9,765 "	85.00	14-02-2028	19:06
Beverie Moffet	Canada	Drinking Coco	44747.00	$994 	118.00	15-02-2028	20:06
Barr Faughny	USA	Caramel Stuffed Bars	44649.00	"$3,318 "	299.00	16-02-2028	21:06
Mallorie Waber	Canada	Almond Choco	44693.00	"$4,214 "	35.00	17-02-2028	22:06
Oby Sorrel	USA	Drinking Coco	44631.00	"$7,714 "	44.00	18-02-2028	23:06
Brien Boise	New Zealand	Eclairs	44753.00	"$4,690 "	299.00	19-02-2028	00:06
Gunar Cockshoot	New Zealand	Choco Coated Almonds	44774.00	"$13,062 "	62.00	20-02-2028	01:06
Gunar Cockshoot	UK	Spicy Special Slims	44608.00	"$12,488 "	200.00	21-02-2028	02:06
Curtice Advani	USA	After Nines	44664.00	"$14,147 "	235.00	22-02-2028	03:06
Oby Sorrel	India	Choco Coated Almonds	44606.00	$49 	363.00	23-02-2028	04:06
Ches Bonnell	Australia	Peanut Butter Cubes	44634.00	"$10,199 "	68.00	24-02-2028	05:06
Oby Sorrel	Australia	Spicy Special Slims	44677.00	"$11,389 "	26.00	25-02-2028	06:06
Jehu Rudeforth	Canada	Manuka Honey Choco	44656.00	"$3,584 "	200.00	26-02-2028	07:06
Camilla Castle	Canada	Drinking Coco	44623.00	"$12,481 "	264.00	27-02-2028	08:06
Kaine Padly	USA	Spicy Special Slims	44725.00	"$2,107 "	175.00	28-02-2028	09:06
Marney O'Breen	New Zealand	70% Dark Bites	44606.00	"$8,603 "	352.00	29-02-2028	10:06
Roddy Speechley	New Zealand	99% Dark & Pure	44669.00	"$7,483 "	183.00	01-03-2028	11:06
Oby Sorrel	New Zealand	85% Dark Bars	44593.00	"$3,381 "	417.00	02-03-2028	12:06
Dotty Strutley	New Zealand	Orange Choco	44777.00	"$2,030 "	146.00	03-03-2028	13:06
Andria Kimpton	New Zealand	Almond Choco	44656.00	"$6,559 "	158.00	04-03-2028	14:06
Karlen McCaffrey	Australia	99% Dark & Pure	44587.00	"$10,822 "	168.00	05-03-2028	15:06
Kaine Padly	UK	After Nines	44582.00	"$18,697 "	176.00	06-03-2028	16:06
Kaine Padly	Canada	After Nines	44795.00	"$5,845 "	172.00	07-03-2028	17:06
Kaine Padly	UK	Drinking Coco	44588.00	"$2,317 "	224.00	08-03-2028	18:06
Rafaelita Blaksland	UK	50% Dark Bites	44608.00	"$10,150 "	68.00	09-03-2028	19:06
Dotty Strutley	USA	Raspberry Choco	44564.00	"$3,437 "	46.00	10-03-2028	20:06
Karlen McCaffrey	USA	White Choc	44797.00	"$4,592 "	2.00	11-03-2028	21:06
Oby Sorrel	USA	Spicy Special Slims	44599.00	"$5,691 "	417.00	12-03-2028	22:06
Mallorie Waber	Australia	Smooth Sliky Salty	44603.00	"$4,158 "	109.00	13-03-2028	23:06
Kaine Padly	Canada	Organic Choco Syrup	44649.00	"$5,684 "	81.00	14-03-2028	00:06
Marney O'Breen	USA	Peanut Butter Cubes	44727.00	$693 	350.00	15-03-2028	01:06
Dennison Crosswaite	UK	Smooth Sliky Salty	44677.00	$546 	142.00	16-03-2028	02:06
Brien Boise	Australia	Organic Choco Syrup	44757.00	"$4,263 "	264.00	17-03-2028	03:06
Beverie Moffet	India	Organic Choco Syrup	44735.00	"$1,036 "	20.00	18-03-2028	04:06
Dennison Crosswaite	Australia	Baker's Choco Chips	44572.00	"$13,846 "	421.00	19-03-2028	05:06
Beverie Moffet	UK	50% Dark Bites	44601.00	"$2,499 "	271.00	20-03-2028	06:06
Van Tuxwell	UK	Almond Choco	44718.00	"$10,689 "	204.00	21-03-2028	07:06
Dotty Strutley	UK	Caramel Stuffed Bars	44783.00	"$5,768 "	235.00	22-03-2028	08:06
Wilone O'Kielt	Australia	Smooth Sliky Salty	44565.00	"$2,226 "	46.00	23-03-2028	09:06
Andria Kimpton	Canada	70% Dark Bites	44659.00	"$10,262 "	15.00	24-03-2028	10:06
Barr Faughny	UK	Milk Bars	44622.00	"$3,864 "	430.00	25-03-2028	11:06
Van Tuxwell	Canada	Drinking Coco	44727.00	"$4,900 "	709.00	26-03-2028	12:06
Jehu Rudeforth	Australia	After Nines	44606.00	"$5,250 "	47.00	27-03-2028	13:06
Husein Augar	UK	After Nines	44747.00	"$3,507 "	380.00	28-03-2028	14:06
Barr Faughny	India	Mint Chip Choco	44573.00	"$7,413 "	465.00	29-03-2028	15:06
Curtice Advani	India	Mint Chip Choco	44623.00	"$8,155 "	96.00	30-03-2028	16:06
Jehu Rudeforth	New Zealand	Milk Bars	44699.00	"$2,478 "	188.00	31-03-2028	17:06
Gunar Cockshoot	India	Caramel Stuffed Bars	44770.00	"$2,471 "	202.00	01-04-2028	18:06
Curtice Advani	UK	Manuka Honey Choco	44599.00	"$1,666 "	106.00	02-04-2028	19:06
Andria Kimpton	India	Orange Choco	44711.00	$301 	421.00	03-04-2028	20:06
Mallorie Waber	Australia	Raspberry Choco	44676.00	"$8,400 "	27.00	04-04-2028	21:06
Beverie Moffet	Canada	85% Dark Bars	44608.00	"$6,139 "	45.00	05-04-2028	22:06
Kelci Walkden	Australia	Drinking Coco	44685.00	"$1,288 "	60.00	06-04-2028	23:06
Van Tuxwell	Canada	70% Dark Bites	44714.00	"$7,077 "	77.00	07-04-2028	00:06
Dennison Crosswaite	USA	Caramel Stuffed Bars	44753.00	"$2,317 "	464.00	08-04-2028	01:06
Beverie Moffet	New Zealand	Spicy Special Slims	44719.00	$63 	60.00	09-04-2028	02:06
Jan Morforth	UK	Almond Choco	44748.00	"$9,744 "	157.00	10-04-2028	03:06
Husein Augar	India	Raspberry Choco	44727.00	"$9,954 "	154.00	11-04-2028	04:06
Dotty Strutley	India	Mint Chip Choco	44665.00	"$1,260 "	239.00	12-04-2028	05:06
Camilla Castle	India	Drinking Coco	44781.00	$469 	163.00	13-04-2028	06:06
Marney O'Breen	UK	Drinking Coco	44649.00	$973 	28.00	14-04-2028	07:06
Roddy Speechley	Australia	Organic Choco Syrup	44746.00	"$3,647 "	76.00	15-04-2028	08:06
Ches Bonnell	India	99% Dark & Pure	44608.00	$455 	96.00	16-04-2028	09:06
Rafaelita Blaksland	Canada	Spicy Special Slims	44683.00	"$2,520 "	156.00	17-04-2028	10:06
Van Tuxwell	India	Eclairs	44763.00	"$10,500 "	106.00	18-04-2028	11:06
Gunar Cockshoot	Australia	99% Dark & Pure	44791.00	"$7,952 "	235.00	19-04-2028	12:06
Kaine Padly	USA	85% Dark Bars	44734.00	$483 	259.00	20-04-2028	13:06
Camilla Castle	UK	Peanut Butter Cubes	44761.00	"$4,872 "	126.00	21-04-2028	14:06
Madelene Upcott	UK	Peanut Butter Cubes	44785.00	"$7,756 "	85.00	22-04-2028	15:06
Madelene Upcott	USA	Choco Coated Almonds	44719.00	"$5,446 "	132.00	23-04-2028	16:06
Marney O'Breen	Canada	Peanut Butter Cubes	44628.00	"$6,594 "	91.00	24-04-2028	17:06
Ches Bonnell	Australia	Choco Coated Almonds	44659.00	"$1,470 "	167.00	25-04-2028	18:06
Curtice Advani	Canada	Eclairs	44687.00	$721 	203.00	26-04-2028	19:06
Roddy Speechley	India	Drinking Coco	44712.00	"$4,494 "	11.00	27-04-2028	20:06
Van Tuxwell	Australia	Mint Chip Choco	44574.00	"$2,674 "	295.00	28-04-2028	21:06
Dennison Crosswaite	USA	70% Dark Bites	44635.00	$658 	77.00	29-04-2028	22:06
Andria Kimpton	Canada	Peanut Butter Cubes	44608.00	"$1,127 "	319.00	30-04-2028	23:06
Gigi Bohling	USA	70% Dark Bites	44575.00	"$7,364 "	196.00	01-05-2028	00:06
Rafaelita Blaksland	Australia	White Choc	44641.00	"$6,818 "	102.00	02-05-2028	01:06
Roddy Speechley	Canada	Drinking Coco	44698.00	"$6,776 "	312.00	03-05-2028	02:06
Camilla Castle	New Zealand	85% Dark Bars	44781.00	"$15,099 "	55.00	04-05-2028	03:06
Madelene Upcott	Canada	Milk Bars	44677.00	"$3,612 "	82.00	05-05-2028	04:06
Madelene Upcott	Australia	70% Dark Bites	44666.00	"$3,710 "	260.00	06-05-2028	05:06
Oby Sorrel	Canada	Eclairs	44700.00	"$6,111 "	591.00	07-05-2028	06:06
Dennison Crosswaite	Canada	Drinking Coco	44571.00	"$2,702 "	24.00	08-05-2028	07:06
Mallorie Waber	New Zealand	After Nines	44685.00	$483 	228.00	09-05-2028	08:06
Roddy Speechley	Canada	White Choc	44656.00	"$5,887 "	268.00	10-05-2028	09:06
Andria Kimpton	India	After Nines	44578.00	$952 	68.00	11-05-2028	10:06
Roddy Speechley	India	Spicy Special Slims	44642.00	"$10,647 "	173.00	12-05-2028	11:06
Dotty Strutley	Australia	White Choc	44747.00	"$6,055 "	93.00	13-05-2028	12:06
Oby Sorrel	Canada	Orange Choco	44678.00	"$8,757 "	338.00	14-05-2028	13:06
Kaine Padly	Canada	Almond Choco	44785.00	"$6,055 "	73.00	15-05-2028	14:06
Jan Morforth	UK	Baker's Choco Chips	44631.00	$721 	251.00	16-05-2028	15:06
Jehu Rudeforth	UK	Fruit & Nut Bars	44694.00	"$8,589 "	229.00	17-05-2028	16:06
Dennison Crosswaite	USA	Smooth Sliky Salty	44693.00	"$11,781 "	91.00	18-05-2028	17:06
Brien Boise	USA	Raspberry Choco	44573.00	$672 	194.00	19-05-2028	18:06
Madelene Upcott	New Zealand	Milk Bars	44649.00	"$12,558 "	403.00	20-05-2028	19:06
Roddy Speechley	India	50% Dark Bites	44634.00	"$8,337 "	12.00	21-05-2028	20:06
Barr Faughny	New Zealand	99% Dark & Pure	44705.00	"$8,134 "	195.00	22-05-2028	21:06
Dennison Crosswaite	Canada	Organic Choco Syrup	44589.00	"$8,491 "	75.00	23-05-2028	22:06
Beverie Moffet	India	Almond Choco	44705.00	"$3,066 "	96.00	24-05-2028	23:06
Brien Boise	Australia	Peanut Butter Cubes	44792.00	$301 	205.00	25-05-2028	00:06
Karlen McCaffrey	Australia	Spicy Special Slims	44698.00	"$4,410 "	323.00	26-05-2028	01:06
Jehu Rudeforth	USA	White Choc	44719.00	"$6,559 "	119.00	27-05-2028	02:06
Ches Bonnell	Canada	Organic Choco Syrup	44768.00	$574 	217.00	28-05-2028	03:06
Dotty Strutley	India	Eclairs	44770.00	"$2,086 "	384.00	29-05-2028	04:06
Karlen McCaffrey	India	70% Dark Bites	44704.00	"$5,075 "	344.00	30-05-2028	05:06
